chr	row	col
chr1	108	76
chr1	148	129
chr1	148	134
chr1	212	179
chr1	312	122
chr1	321	278
chr1	447	429
chr1	759	715
chr1	761	715
chr1	902	285
chr1	970	960
chr1	1002	250
chr1	1136	877
chr1	1239	1187
chr1	1240	1175
chr1	1240	1195
chr1	1244	1187
chr1	1273	1244
chr1	1286	1173
chr1	1286	1180
chr1	1492	1483
chr1	1523	1512
chr1	1526	1510
chr1	1553	896
chr1	1564	1534
chr1	1567	1530
chr1	1567	1531
chr1	1567	1534
chr1	1567	1535
chr1	1567	1538
chr1	1576	1533
chr1	1576	1550
chr1	1614	1594
chr1	1615	1594
chr1	1798	1506
chr1	1811	1510
chr1	1827	620
chr1	1842	1824
chr1	1846	1824
chr1	1857	1580
chr1	1872	1131
chr1	1891	1175
chr1	1891	1178
chr1	1892	1175
chr1	1905	208
chr1	1926	1897
chr1	1936	1893
chr1	1936	1895
chr1	1939	1893
chr1	1939	1894
chr1	1939	1895
chr1	1940	1895
chr1	1940	1897
chr1	1941	1899
chr1	1941	1903
chr1	1992	1969
chr1	2031	1477
chr1	2060	1503
chr1	2128	1587
chr1	2130	2127
chr1	2131	729
chr1	2131	1476
chr1	2132	616
chr1	2132	1500
chr1	2132	1501
chr1	2132	1580
chr1	2132	1585
chr1	2132	1589
chr1	2132	2127
chr1	2132	2128
chr1	2133	616
chr1	2133	1494
chr1	2133	1501
chr1	2133	2127
chr1	2133	2128
chr1	2133	2132
chr1	2134	2127
chr1	2134	2128
chr1	2134	2132
chr1	2184	2129
chr1	2184	2134
chr1	2185	2125
chr1	2185	2126
chr1	2185	2127
chr1	2185	2128
chr1	2185	2129
chr1	2185	2130
chr1	2185	2131
chr1	2185	2132
chr1	2185	2133
chr1	2185	2134
chr1	2187	2125
chr1	2187	2126
chr1	2187	2127
chr1	2187	2128
chr1	2187	2129
chr1	2187	2130
chr1	2187	2131
chr1	2187	2132
chr1	2187	2133
chr1	2187	2134
chr1	2188	616
chr1	2188	1476
chr1	2188	1501
chr1	2188	1506
chr1	2188	1508
chr1	2188	1580
chr1	2188	1587
chr1	2188	1854
chr1	2188	2123
chr1	2188	2124
chr1	2188	2125
chr1	2188	2126
chr1	2188	2127
chr1	2188	2128
chr1	2188	2129
chr1	2188	2130
chr1	2188	2131
chr1	2188	2132
chr1	2188	2133
chr1	2188	2134
chr1	2189	2125
chr1	2189	2126
chr1	2189	2127
chr1	2189	2128
chr1	2189	2129
chr1	2189	2130
chr1	2189	2131
chr1	2189	2132
chr1	2189	2133
chr1	2189	2134
chr1	2194	2128
chr1	2194	2133
chr1	2199	847
chr1	2199	2128
chr1	2200	553
chr1	2216	842
chr1	2253	89
chr1	2253	121
chr1	2253	122
chr1	2253	123
chr1	2253	180
chr1	2253	208
chr1	2253	616
chr1	2254	76
chr1	2254	77
chr1	2254	78
chr1	2254	83
chr1	2254	87
chr1	2254	88
chr1	2254	89
chr1	2254	90
chr1	2254	91
chr1	2254	92
chr1	2254	93
chr1	2254	95
chr1	2254	97
chr1	2254	101
chr1	2254	103
chr1	2254	104
chr1	2254	105
chr1	2254	110
chr1	2254	111
chr1	2254	121
chr1	2254	122
chr1	2254	123
chr1	2254	148
chr1	2254	158
chr1	2254	185
chr1	2254	208
chr1	2254	221
chr1	2254	274
chr1	2254	287
chr1	2254	288
chr1	2254	616
chr1	2254	993
chr1	2255	89
chr1	2255	122
chr1	2255	305
chr1	2255	616
chr1	2310	2299
chr1	2313	2299
chr1	2313	2300
chr1	2321	2299
chr1	2325	1488
chr1	2468	2398
chr1	2703	2072
chr1	2952	718
chr1	3043	1615
chr1	3057	2128
chr1	3057	2134
chr1	3058	1452
chr1	3066	1901
chr1	3068	1901
chr1	3070	1901
chr1	3073	893
chr1	3073	898
chr1	3075	3064
chr1	3075	3066
chr1	3076	3064
chr1	3077	1901
chr1	3077	3064
chr1	3077	3066
chr1	3077	3067
chr1	3077	3068
chr1	3077	3070
chr1	3078	3063
chr1	3078	3064
chr1	3078	3065
chr1	3078	3066
chr1	3079	3062
chr1	3079	3066
chr1	3079	3068
chr1	3086	1901
chr1	3207	3191
chr1	3207	3192
chr1	3220	3093
chr1	3222	3197
chr1	3247	2046
chr1	3247	2127
chr1	3247	2128
chr1	3247	2188
chr1	3249	1102
chr1	3249	1614
chr1	3249	2128
chr1	3249	2188
chr1	3252	2355
chr1	3255	2188
chr1	3255	2699
chr1	3327	2372
chr1	3328	2372
chr1	3332	1807
chr1	3334	2355
chr1	3334	2370
chr1	3355	1552
chr1	3383	2345
chr1	3383	2349
chr1	3389	3034
chr1	3389	3035
chr1	3390	2393
chr1	3404	1483
chr1	3408	1483
chr1	3408	1495
chr1	3408	1511
chr1	3409	616
chr1	3409	1511
chr1	3409	1523
chr1	3409	1580
chr1	3409	3249
chr1	3410	1510
chr1	3411	1510
chr1	3411	1511
chr1	3411	1512
chr1	3411	1523
chr1	3413	251
chr1	3413	1495
chr1	3413	1580
chr1	3413	1591
chr1	3413	2188
chr1	3416	247
chr1	3417	2340
chr1	3418	1511
chr1	3418	1580
chr1	3425	1512
chr1	3439	1508
chr1	3440	3436
chr1	3531	3519
chr1	3573	2937
chr1	3579	2879
chr1	3579	2880
chr1	3682	2986
chr1	3691	2812
chr1	3691	2851
chr1	3714	1658
chr1	3727	2933
chr1	3731	2814
chr1	3743	1184
chr1	3744	2926
chr1	3746	3077
chr1	3788	2937
chr1	3789	2937
chr1	3791	2937
chr1	3838	1592
chr1	3849	1464
chr1	3849	1465
chr1	3849	1466
chr1	4004	3990
chr1	4031	3480
chr1	4048	4033
chr1	4068	3625
chr1	4110	1484
chr1	4178	1505
chr1	4186	2341
chr1	4186	2347
chr1	4190	3032
chr1	4191	1557
chr1	4191	2255
chr1	4191	2333
chr1	4191	2345
chr1	4191	2347
chr1	4191	2349
chr1	4191	3248
chr1	4192	2347
chr1	4192	2350
chr1	4193	2347
chr1	4194	2350
chr1	4200	3389
chr1	4203	1497
chr1	4226	3067
chr1	4233	3027
chr1	4245	2344
chr1	4297	3032
chr1	4297	4247
chr1	4297	4249
chr1	4297	4250
chr1	4314	2345
chr1	4316	2345
chr1	4317	2345
chr1	4337	2132
chr1	4337	2188
chr1	4337	2253
chr1	4337	2295
chr1	4337	2296
chr1	4338	4337
chr1	4384	4364
chr1	4430	4414
chr1	4513	1587
chr1	4515	342
chr1	4515	2315
chr1	4528	329
chr1	4545	1155
chr1	4545	1232
chr1	4545	2344
chr1	4545	3199
chr1	4547	2329
chr1	4547	2330
chr1	4548	2295
chr1	4555	1155
chr1	4555	1218
chr1	4555	1219
chr1	4555	1619
chr1	4556	1221
chr1	4556	1231
chr1	4556	2344
chr1	4557	1155
chr1	4557	1222
chr1	4557	1230
chr1	4557	1232
chr1	4557	2127
chr1	4557	2977
chr1	4558	2321
chr1	4558	2339
chr1	4559	1232
chr1	4562	2331
chr1	4562	2334
chr1	4563	1231
chr1	4589	517
chr1	4591	4581
chr1	4596	2329
chr1	4597	3025
chr1	4601	616
chr1	4606	3025
chr1	4609	1482
chr1	4609	3025
chr1	4610	3025
chr1	4617	1501
chr1	4788	570
chr1	4815	1501
chr1	4815	3189
chr1	4818	3392
chr1	4818	3393
chr1	4818	3395
chr1	4823	2126
chr1	4833	4156
chr1	4909	4875
chr10	142	130
chr10	183	76
chr10	183	77
chr10	184	76
chr10	184	77
chr10	184	78
chr10	184	87
chr10	185	76
chr10	185	77
chr10	185	87
chr10	185	88
chr10	186	76
chr10	186	77
chr10	187	76
chr10	187	77
chr10	188	76
chr10	188	77
chr10	188	79
chr10	189	76
chr10	189	77
chr10	189	79
chr10	189	80
chr10	189	82
chr10	189	83
chr10	189	86
chr10	189	87
chr10	189	88
chr10	190	76
chr10	190	77
chr10	191	76
chr10	191	77
chr10	192	76
chr10	192	77
chr10	193	76
chr10	193	77
chr10	194	76
chr10	194	77
chr10	194	85
chr10	195	76
chr10	195	77
chr10	195	78
chr10	196	76
chr10	196	77
chr10	196	78
chr10	197	76
chr10	197	77
chr10	197	78
chr10	198	76
chr10	200	76
chr10	200	77
chr10	202	78
chr10	204	77
chr10	204	78
chr10	205	76
chr10	210	76
chr10	211	76
chr10	218	76
chr10	270	241
chr10	279	76
chr10	304	193
chr10	312	78
chr10	375	86
chr10	387	86
chr10	426	390
chr10	437	358
chr10	437	381
chr10	438	376
chr10	439	381
chr10	442	392
chr10	445	375
chr10	445	392
chr10	446	392
chr10	514	505
chr10	516	505
chr10	517	503
chr10	523	519
chr10	539	531
chr10	539	533
chr10	540	531
chr10	543	530
chr10	543	533
chr10	544	530
chr10	544	531
chr10	544	533
chr10	552	548
chr10	553	548
chr10	606	589
chr10	698	170
chr10	710	458
chr10	733	274
chr10	937	923
chr10	939	930
chr10	959	918
chr10	959	919
chr10	960	919
chr10	964	919
chr10	964	926
chr10	964	941
chr10	966	917
chr10	966	919
chr10	968	922
chr10	969	919
chr10	970	918
chr10	970	919
chr10	972	542
chr10	973	919
chr10	974	919
chr10	974	923
chr10	978	916
chr10	980	589
chr10	985	472
chr10	986	472
chr10	986	839
chr10	986	919
chr10	987	540
chr10	987	541
chr10	987	974
chr10	990	542
chr10	990	552
chr10	999	972
chr10	1055	76
chr10	1115	1101
chr10	1120	1101
chr10	1297	660
chr10	1389	1339
chr10	1389	1340
chr10	1389	1358
chr10	1389	1369
chr10	1391	1340
chr10	1391	1346
chr10	1392	1339
chr10	1392	1340
chr10	1392	1346
chr10	1393	1346
chr10	1398	1332
chr10	1400	1347
chr10	1401	1339
chr10	1401	1340
chr10	1401	1346
chr10	1401	1347
chr10	1403	1332
chr10	1404	1332
chr10	1404	1339
chr10	1413	1342
chr10	1418	1340
chr10	1430	646
chr10	1445	973
chr10	1445	974
chr10	1445	975
chr10	1445	976
chr10	1445	1001
chr10	1448	698
chr10	1482	1472
chr10	1482	1473
chr10	1483	1472
chr10	1493	617
chr10	1495	474
chr10	1541	1533
chr10	1657	1577
chr10	1664	974
chr10	1665	1660
chr10	1740	1403
chr10	1741	1399
chr10	1741	1402
chr10	1741	1403
chr10	1916	971
chr10	1923	1004
chr10	1950	696
chr10	1950	978
chr10	1953	699
chr10	1963	699
chr10	2023	993
chr10	2107	1899
chr10	2128	1883
chr10	2129	2111
chr10	2134	1874
chr10	2195	2171
chr10	2231	607
chr10	2265	756
chr10	2322	2266
chr10	2380	2376
chr10	2383	2376
chr10	2384	917
chr10	2405	1016
chr10	2546	2503
chr10	2547	2503
chr10	2548	2503
chr10	2548	2506
chr10	2734	118
chr10	2755	116
chr10	2755	119
chr10	2755	121
chr10	2756	116
chr10	2759	2357
chr10	2785	2774
chr10	2902	2109
chr10	2907	1443
chr10	2908	2895
chr10	2908	2897
chr10	2908	2898
chr10	2926	547
chr10	2926	1556
chr10	2948	627
chr10	2959	997
chr10	2968	978
chr10	2974	606
chr10	2974	620
chr10	2981	608
chr10	2993	501
chr10	2993	850
chr10	3007	2769
chr10	3012	1952
chr10	3021	1062
chr10	3023	488
chr10	3027	630
chr10	3060	2362
chr10	3115	3068
chr10	3116	3068
chr10	3157	2163
chr10	3157	2172
chr10	3157	2175
chr10	3158	2175
chr10	3173	1529
chr10	3187	1002
chr10	3188	1001
chr10	3190	1003
chr10	3202	913
chr10	3202	2201
chr10	3203	860
chr10	3203	909
chr10	3203	913
chr10	3204	2017
chr10	3204	2207
chr10	3204	2211
chr10	3204	2969
chr10	3205	2368
chr10	3205	2371
chr10	3206	2200
chr10	3207	3023
chr10	3208	3023
chr10	3220	3115
chr11	208	178
chr11	208	179
chr11	213	183
chr11	220	208
chr11	269	234
chr11	275	214
chr11	275	215
chr11	275	231
chr11	275	232
chr11	279	214
chr11	289	173
chr11	470	444
chr11	476	430
chr11	476	435
chr11	477	430
chr11	484	285
chr11	484	286
chr11	484	287
chr11	484	289
chr11	484	435
chr11	484	444
chr11	490	286
chr11	492	430
chr11	498	151
chr11	498	152
chr11	500	296
chr11	501	435
chr11	521	224
chr11	521	225
chr11	523	217
chr11	592	228
chr11	619	599
chr11	634	599
chr11	636	599
chr11	636	600
chr11	637	599
chr11	638	599
chr11	639	599
chr11	640	599
chr11	641	599
chr11	641	600
chr11	641	606
chr11	642	599
chr11	642	606
chr11	643	600
chr11	645	606
chr11	647	599
chr11	648	233
chr11	648	237
chr11	649	599
chr11	649	600
chr11	650	600
chr11	651	237
chr11	653	275
chr11	658	621
chr11	660	599
chr11	660	619
chr11	661	599
chr11	661	600
chr11	664	605
chr11	665	599
chr11	665	619
chr11	665	635
chr11	667	605
chr11	669	599
chr11	669	606
chr11	669	619
chr11	671	606
chr11	672	605
chr11	672	606
chr11	672	642
chr11	673	606
chr11	673	631
chr11	674	605
chr11	674	606
chr11	676	606
chr11	706	679
chr11	719	679
chr11	723	589
chr11	727	596
chr11	756	519
chr11	756	530
chr11	756	534
chr11	771	756
chr11	798	145
chr11	798	149
chr11	801	142
chr11	802	149
chr11	889	868
chr11	949	172
chr11	1077	1015
chr11	1080	1014
chr11	1080	1015
chr11	1081	1013
chr11	1081	1014
chr11	1081	1015
chr11	1107	565
chr11	1121	1111
chr11	1268	160
chr11	1268	161
chr11	1270	798
chr11	1274	799
chr11	1302	818
chr11	1336	160
chr11	1394	143
chr11	1396	1386
chr11	1397	1385
chr11	1397	1386
chr11	1398	1386
chr11	1399	1384
chr11	1432	1406
chr11	1433	150
chr11	1437	150
chr11	1441	1396
chr11	1454	148
chr11	1487	1484
chr11	1552	1545
chr11	1613	1589
chr11	1695	836
chr11	1705	1562
chr11	1711	829
chr11	1720	768
chr11	1949	142
chr11	1949	148
chr11	1949	155
chr11	1967	1960
chr11	2003	281
chr11	2152	143
chr11	2215	2197
chr11	2422	1516
chr11	2497	2484
chr11	2497	2485
chr11	2498	2484
chr11	2501	2482
chr11	2501	2485
chr11	2503	2484
chr11	2504	2480
chr11	2525	2383
chr11	2725	2709
chr11	2727	2709
chr11	2823	2787
chr12	264	239
chr12	265	227
chr12	306	284
chr12	395	222
chr12	412	348
chr12	412	389
chr12	507	480
chr12	508	480
chr12	509	460
chr12	524	480
chr12	526	440
chr12	526	446
chr12	526	451
chr12	527	444
chr12	527	448
chr12	527	449
chr12	527	451
chr12	527	452
chr12	527	454
chr12	528	440
chr12	528	443
chr12	528	444
chr12	528	445
chr12	528	446
chr12	528	448
chr12	528	449
chr12	528	450
chr12	528	451
chr12	528	452
chr12	528	453
chr12	528	454
chr12	529	439
chr12	529	440
chr12	529	441
chr12	529	442
chr12	529	443
chr12	529	444
chr12	529	446
chr12	529	447
chr12	529	448
chr12	529	449
chr12	529	450
chr12	529	451
chr12	529	454
chr12	530	435
chr12	530	439
chr12	530	440
chr12	530	441
chr12	530	442
chr12	530	443
chr12	530	444
chr12	530	448
chr12	531	440
chr12	531	441
chr12	531	442
chr12	531	443
chr12	531	444
chr12	531	445
chr12	531	447
chr12	531	448
chr12	531	449
chr12	531	454
chr12	532	454
chr12	533	439
chr12	533	440
chr12	533	441
chr12	533	443
chr12	533	445
chr12	533	446
chr12	533	447
chr12	533	448
chr12	533	450
chr12	533	452
chr12	533	453
chr12	533	454
chr12	534	435
chr12	534	440
chr12	534	441
chr12	534	442
chr12	534	443
chr12	534	444
chr12	534	446
chr12	534	447
chr12	534	454
chr12	535	440
chr12	535	457
chr12	536	448
chr12	536	453
chr12	536	454
chr12	536	457
chr12	536	480
chr12	537	457
chr12	538	458
chr12	539	457
chr12	540	440
chr12	540	447
chr12	540	448
chr12	540	456
chr12	540	457
chr12	540	458
chr12	540	459
chr12	540	460
chr12	540	480
chr12	541	457
chr12	541	460
chr12	549	458
chr12	549	459
chr12	549	460
chr12	549	461
chr12	570	460
chr12	570	485
chr12	570	497
chr12	570	499
chr12	571	470
chr12	571	480
chr12	571	508
chr12	573	483
chr12	573	497
chr12	573	499
chr12	574	499
chr12	585	557
chr12	612	458
chr12	612	460
chr12	612	470
chr12	612	480
chr12	612	481
chr12	612	483
chr12	612	497
chr12	612	499
chr12	612	506
chr12	612	507
chr12	612	508
chr12	612	509
chr12	612	572
chr12	622	580
chr12	625	465
chr12	628	459
chr12	629	448
chr12	629	456
chr12	629	459
chr12	629	470
chr12	630	458
chr12	630	470
chr12	630	537
chr12	630	539
chr12	664	652
chr12	674	652
chr12	675	647
chr12	675	652
chr12	676	652
chr12	689	650
chr12	766	138
chr12	782	107
chr12	787	122
chr12	823	817
chr12	846	422
chr12	1035	1026
chr12	1081	1039
chr12	1175	644
chr12	1302	1263
chr12	1323	539
chr12	1323	1056
chr12	1324	539
chr12	1324	809
chr12	1502	1459
chr12	1558	1521
chr12	1558	1524
chr12	1559	1511
chr12	1559	1521
chr12	1559	1522
chr12	1559	1524
chr12	1559	1525
chr12	1585	1521
chr12	1635	308
chr12	1671	134
chr12	1887	480
chr12	1887	524
chr12	1892	480
chr12	1899	1887
chr12	1904	454
chr12	1905	480
chr12	1912	524
chr12	1915	524
chr12	1917	524
chr12	1918	524
chr12	1920	1869
chr12	1923	480
chr12	1927	524
chr12	1929	524
chr12	1934	480
chr12	2000	1983
chr12	2001	1983
chr12	2023	1630
chr12	2024	2012
chr12	2025	1653
chr12	2025	2012
chr12	2025	2018
chr12	2028	1630
chr12	2029	2012
chr12	2030	2012
chr12	2032	2012
chr12	2047	104
chr12	2062	103
chr12	2068	799
chr12	2070	480
chr12	2082	1018
chr12	2121	2106
chr12	2159	815
chr12	2237	2222
chr12	2238	2221
chr12	2238	2222
chr12	2238	2224
chr12	2238	2228
chr12	2239	2222
chr12	2239	2223
chr12	2239	2224
chr12	2239	2228
chr12	2321	1505
chr12	2503	2321
chr12	2520	2509
chr12	2521	2509
chr12	2522	2508
chr12	2522	2509
chr12	2524	2321
chr12	2524	2507
chr12	2527	2320
chr12	2527	2321
chr12	2527	2322
chr12	2527	2323
chr12	2527	2509
chr12	2529	2508
chr12	2529	2509
chr12	2541	2321
chr12	2541	2509
chr12	2543	630
chr12	2543	2536
chr12	2543	2537
chr12	2544	2536
chr12	2545	630
chr12	2558	506
chr12	2559	2244
chr12	2561	480
chr12	2589	2581
chr12	2590	2581
chr12	2593	2581
chr12	2651	480
chr12	2651	508
chr12	2651	2581
chr12	2676	2532
chr12	2724	2705
chr12	2735	2707
chr12	2742	530
chr12	2752	540
chr12	2752	2537
chr12	2752	2597
chr12	2753	438
chr12	2753	540
chr12	2767	507
chr12	2769	506
chr12	2769	531
chr12	2770	506
chr12	2780	507
chr12	2783	530
chr12	2785	530
chr12	2788	480
chr12	2793	530
chr12	2795	441
chr12	2795	530
chr12	2810	531
chr12	2810	532
chr12	2820	480
chr12	2822	441
chr12	2823	440
chr12	2823	441
chr12	2823	507
chr12	2825	506
chr12	2825	815
chr12	2826	533
chr12	2826	540
chr12	2826	2197
chr12	2828	533
chr12	2831	445
chr12	2831	538
chr12	2831	540
chr12	2833	433
chr12	2833	435
chr12	2833	436
chr12	2833	809
chr12	2834	530
chr12	2839	549
chr12	2860	723
chr12	2873	2024
chr12	2892	704
chr12	2892	1331
chr12	2898	723
chr12	2902	530
chr12	2902	704
chr12	2902	2247
chr12	2902	2892
chr12	2902	2898
chr12	2902	2899
chr12	2911	480
chr12	2919	2238
chr12	2919	2869
chr12	2920	1324
chr12	2921	2902
chr12	2922	2650
chr12	2922	2911
chr12	2923	2650
chr12	2926	2911
chr12	2926	2912
chr12	2927	2650
chr12	2927	2651
chr12	2927	2908
chr12	2927	2911
chr12	2927	2919
chr12	2973	2899
chr12	3025	448
chr12	3029	2898
chr13	144	118
chr13	144	120
chr13	144	121
chr13	150	131
chr13	151	117
chr13	152	129
chr13	153	117
chr13	153	118
chr13	153	127
chr13	154	117
chr13	157	117
chr13	158	117
chr13	158	118
chr13	158	131
chr13	158	132
chr13	162	116
chr13	162	117
chr13	162	118
chr13	163	118
chr13	325	115
chr13	326	323
chr13	396	370
chr13	396	371
chr13	397	370
chr13	437	403
chr13	610	598
chr13	610	599
chr13	748	729
chr13	749	729
chr13	949	946
chr13	952	939
chr13	1017	1003
chr13	1126	1093
chr13	1215	1201
chr13	1215	1202
chr13	1283	1277
chr13	1285	1277
chr13	1286	1277
chr13	1287	1277
chr13	1288	1277
chr13	1291	1277
chr13	1292	1277
chr13	1436	1416
chr13	1482	1471
chr13	1487	1471
chr13	1488	1471
chr13	1556	1540
chr13	1664	1644
chr13	1669	1637
chr13	1669	1643
chr13	1669	1653
chr13	1670	1643
chr13	1670	1644
chr13	1670	1653
chr13	1671	1644
chr13	1671	1653
chr13	1819	1792
chr13	2154	969
chr13	2274	2248
chr13	2275	2246
chr13	2275	2247
chr13	2275	2248
chr13	2275	2253
chr13	2276	2248
chr13	2283	1848
chr13	2321	2302
chr13	2321	2303
chr13	2322	2302
chr13	2322	2303
chr13	2324	2302
chr13	2327	2302
chr13	2328	2303
chr13	2393	2385
chr13	2449	1696
chr13	2457	1670
chr13	2477	1670
chr13	2563	2541
chr13	2586	2541
chr13	2586	2542
chr13	2586	2543
chr13	2586	2545
chr13	2586	2563
chr13	2587	2539
chr13	2587	2541
chr13	2587	2542
chr13	2587	2543
chr13	2587	2545
chr13	2587	2546
chr13	2587	2550
chr13	2587	2563
chr13	2588	2563
chr13	2592	2563
chr13	2594	2563
chr13	2597	2547
chr13	2598	2547
chr13	2598	2563
chr13	2609	2543
chr13	2609	2545
chr13	2724	2707
chr13	2746	2539
chr13	2746	2541
chr13	2746	2543
chr13	2746	2547
chr13	2746	2553
chr13	2746	2556
chr13	2746	2558
chr13	2746	2559
chr13	2779	2772
chr13	2803	2780
chr13	2805	2780
chr13	2830	1653
chr13	2831	1653
chr13	2831	2387
chr13	2832	1684
chr13	2832	1868
chr13	2836	1847
chr13	2836	1849
chr13	2837	1653
chr13	2839	1653
chr13	2896	2283
chr14	151	76
chr14	151	77
chr14	151	105
chr14	153	76
chr14	153	105
chr14	153	110
chr14	182	113
chr14	184	76
chr14	184	104
chr14	184	110
chr14	184	113
chr14	184	151
chr14	184	153
chr14	194	76
chr14	194	105
chr14	194	110
chr14	194	113
chr14	194	151
chr14	194	152
chr14	194	153
chr14	195	76
chr14	195	105
chr14	195	107
chr14	195	110
chr14	195	113
chr14	195	151
chr14	195	152
chr14	195	153
chr14	195	184
chr14	196	76
chr14	196	105
chr14	196	107
chr14	196	110
chr14	196	151
chr14	196	152
chr14	196	153
chr14	197	107
chr14	203	113
chr14	204	76
chr14	204	105
chr14	204	107
chr14	204	110
chr14	204	113
chr14	204	151
chr14	204	152
chr14	204	153
chr14	204	184
chr14	226	152
chr14	268	234
chr14	269	231
chr14	269	232
chr14	288	230
chr14	302	243
chr14	303	243
chr14	303	252
chr14	315	221
chr14	316	225
chr14	317	221
chr14	326	281
chr14	404	196
chr14	416	196
chr14	418	196
chr14	424	196
chr14	425	196
chr14	427	196
chr14	428	195
chr14	428	196
chr14	445	196
chr14	449	196
chr14	450	151
chr14	451	151
chr14	451	196
chr14	476	451
chr14	476	463
chr14	480	408
chr14	511	76
chr14	511	77
chr14	511	105
chr14	511	107
chr14	511	110
chr14	511	113
chr14	511	151
chr14	511	152
chr14	511	153
chr14	511	158
chr14	511	184
chr14	511	194
chr14	511	195
chr14	511	196
chr14	511	197
chr14	511	203
chr14	511	204
chr14	511	207
chr14	511	215
chr14	512	110
chr14	512	152
chr14	512	184
chr14	512	195
chr14	512	196
chr14	512	204
chr14	516	196
chr14	517	196
chr14	518	195
chr14	518	196
chr14	519	196
chr14	521	196
chr14	521	204
chr14	522	196
chr14	522	204
chr14	523	195
chr14	523	196
chr14	523	204
chr14	524	204
chr14	525	196
chr14	525	204
chr14	527	204
chr14	531	196
chr14	532	195
chr14	532	196
chr14	532	204
chr14	533	152
chr14	533	196
chr14	534	196
chr14	535	196
chr14	536	196
chr14	537	195
chr14	537	196
chr14	538	152
chr14	538	196
chr14	539	195
chr14	539	196
chr14	540	196
chr14	541	196
chr14	542	196
chr14	544	196
chr14	549	196
chr14	551	196
chr14	552	196
chr14	557	196
chr14	558	196
chr14	562	152
chr14	562	195
chr14	562	196
chr14	563	196
chr14	563	549
chr14	564	196
chr14	572	196
chr14	573	196
chr14	573	204
chr14	574	204
chr14	577	196
chr14	579	204
chr14	594	184
chr14	594	204
chr14	604	184
chr14	604	194
chr14	604	569
chr14	604	570
chr14	607	569
chr14	609	541
chr14	611	204
chr14	626	204
chr14	627	204
chr14	628	204
chr14	628	541
chr14	663	195
chr14	666	195
chr14	667	196
chr14	706	701
chr14	716	345
chr14	719	405
chr14	721	419
chr14	727	449
chr14	729	429
chr14	729	449
chr14	729	716
chr14	729	717
chr14	735	449
chr14	735	453
chr14	735	716
chr14	735	717
chr14	737	428
chr14	737	429
chr14	737	432
chr14	737	449
chr14	745	449
chr14	746	429
chr14	746	717
chr14	747	717
chr14	748	717
chr14	748	720
chr14	749	449
chr14	754	720
chr14	785	693
chr14	789	703
chr14	859	152
chr14	864	196
chr14	867	152
chr14	868	152
chr14	882	312
chr14	935	890
chr14	943	887
chr14	944	882
chr14	944	890
chr14	1005	335
chr14	1011	430
chr14	1099	404
chr14	1101	195
chr14	1101	404
chr14	1103	314
chr14	1124	404
chr14	1135	441
chr14	1137	152
chr14	1148	312
chr14	1148	320
chr14	1150	462
chr14	1154	314
chr14	1172	747
chr14	1177	152
chr14	1183	1166
chr14	1188	152
chr14	1189	312
chr14	1191	152
chr14	1191	444
chr14	1191	449
chr14	1191	453
chr14	1199	429
chr14	1217	1210
chr14	1225	1209
chr14	1228	1210
chr14	1243	659
chr14	1244	659
chr14	1244	660
chr14	1245	659
chr14	1286	1263
chr14	1296	261
chr14	1339	1126
chr14	1352	1334
chr14	1502	627
chr14	1590	1578
chr14	1590	1579
chr14	1771	558
chr14	1819	1793
chr14	1826	702
chr14	1855	151
chr14	1899	1892
chr14	1903	152
chr14	1908	217
chr14	1924	196
chr14	1931	1599
chr14	1932	1592
chr14	1932	1923
chr14	1949	196
chr14	1949	537
chr14	2058	2018
chr14	2067	1440
chr14	2074	2038
chr14	2076	2033
chr14	2079	2033
chr14	2081	2038
chr14	2082	1950
chr14	2089	2006
chr14	2099	2031
chr14	2099	2033
chr14	2377	983
chr14	2401	151
chr14	2401	196
chr14	2401	511
chr14	2498	1949
chr14	2498	1953
chr14	2504	1973
chr14	2507	2489
chr14	2508	1949
chr14	2514	658
chr14	2514	1879
chr14	2514	1884
chr14	2515	549
chr14	2515	557
chr14	2515	562
chr14	2515	563
chr14	2515	564
chr14	2515	633
chr14	2515	649
chr14	2515	653
chr14	2515	704
chr14	2515	769
chr14	2515	770
chr14	2515	1854
chr14	2515	1879
chr14	2515	1949
chr14	2515	2010
chr14	2516	1953
chr14	2516	2312
chr14	2517	1949
chr14	2523	2508
chr14	2527	2512
chr14	2529	2511
chr14	2529	2512
chr14	2537	2511
chr14	2544	2511
chr14	2545	2511
chr14	2546	2512
chr14	2547	2511
chr14	2547	2514
chr14	2547	2516
chr14	2548	2016
chr14	2548	2511
chr14	2548	2515
chr14	2551	1949
chr14	2551	1957
chr14	2551	2516
chr14	2552	1949
chr14	2552	2517
chr14	2555	1949
chr14	2557	1953
chr14	2576	2014
chr14	2588	196
chr14	2648	1949
chr14	2654	1953
chr14	2662	820
chr14	2662	2645
chr14	2688	2687
chr14	2749	2456
chr14	2752	2693
chr14	2878	2207
chr14	2884	1950
chr14	2884	2007
chr14	2884	2010
chr14	2884	2011
chr14	2887	1928
chr14	2887	1950
chr14	2888	1950
chr14	2922	2001
chr14	2922	2008
chr14	2922	2009
chr14	2922	2010
chr14	2923	2009
chr14	2925	2008
chr14	2932	2501
chr14	2932	2505
chr14	2933	942
chr14	2933	945
chr14	2936	1999
chr14	2936	2000
chr14	2936	2008
chr14	2937	2008
chr14	2938	2008
chr14	2945	2922
chr14	2953	2008
chr14	2953	2922
chr14	2957	2905
chr14	2957	2922
chr14	2958	1999
chr14	2958	2008
chr14	2958	2925
chr14	2958	2933
chr14	2959	2922
chr14	2959	2925
chr14	2959	2933
chr14	2960	1949
chr14	2960	1953
chr14	2960	1999
chr14	2960	2000
chr14	2960	2901
chr14	2961	1953
chr14	2961	2006
chr14	2961	2898
chr14	2961	2901
chr14	2961	2904
chr14	2961	2905
chr14	2961	2906
chr14	2961	2907
chr14	2961	2911
chr14	2961	2922
chr14	2961	2923
chr14	2964	2009
chr14	2965	1995
chr14	2965	1998
chr14	2965	1999
chr14	2965	2000
chr14	2965	2008
chr14	2965	2009
chr14	2966	2000
chr14	2966	2008
chr14	2967	1998
chr14	2967	2000
chr14	2967	2006
chr14	2967	2007
chr14	2967	2008
chr14	2967	2009
chr14	2969	1594
chr14	2969	1997
chr14	2969	1998
chr14	2969	2000
chr14	2969	2003
chr14	2969	2006
chr14	2969	2009
chr14	2969	2011
chr14	2969	2020
chr14	2970	2006
chr14	2970	2009
chr14	2971	1997
chr14	2971	1998
chr14	2971	1999
chr14	2971	2000
chr14	2971	2009
chr14	2974	2009
chr14	2975	1600
chr14	2975	1946
chr14	2975	1948
chr14	2975	1949
chr14	2975	1950
chr14	2975	2000
chr14	2976	1585
chr14	2976	1590
chr14	2977	2006
chr14	2978	196
chr14	2978	1558
chr14	2978	1563
chr14	2978	1564
chr14	2978	1567
chr14	2978	1585
chr14	2978	2011
chr14	2979	196
chr14	2979	557
chr14	2979	562
chr14	2979	1497
chr14	2979	1563
chr14	2979	1567
chr14	2979	1585
chr14	2979	1661
chr14	2979	1691
chr14	2979	1939
chr14	2979	1946
chr14	2979	1947
chr14	2979	1949
chr14	2979	2495
chr14	2979	2515
chr14	2980	196
chr14	2980	1949
chr14	2980	1950
chr14	2980	1953
chr14	2980	1999
chr14	2980	2966
chr14	2983	1924
chr14	2983	1950
chr14	2983	2521
chr14	2984	1691
chr14	2985	2000
chr14	2990	1497
chr14	2990	1999
chr14	2991	2003
chr14	2993	1999
chr14	2993	2003
chr14	2995	621
chr14	3002	2987
chr14	3005	2987
chr14	3007	2987
chr14	3010	2987
chr14	3010	2989
chr14	3011	2011
chr14	3011	2987
chr14	3011	2989
chr14	3012	1497
chr14	3012	1950
chr14	3012	2000
chr14	3012	2011
chr14	3012	2884
chr14	3012	2987
chr14	3012	2988
chr14	3012	2989
chr14	3012	2991
chr14	3012	2993
chr14	3014	1949
chr14	3017	1949
chr14	3020	1419
chr14	3022	76
chr14	3026	2993
chr14	3028	105
chr14	3028	3002
chr14	3029	1950
chr14	3030	1328
chr14	3030	1652
chr14	3031	196
chr14	3031	1661
chr14	3031	1928
chr14	3031	1950
chr14	3031	2000
chr14	3032	196
chr14	3032	1422
chr14	3032	1661
chr14	3032	1942
chr14	3032	1947
chr14	3032	1949
chr14	3032	1950
chr14	3032	1965
chr14	3032	1998
chr14	3032	1999
chr14	3032	2000
chr14	3032	2001
chr14	3032	2003
chr14	3032	2009
chr14	3032	2010
chr14	3032	2011
chr14	3032	2989
chr14	3033	2000
chr14	3035	1448
chr14	3035	1653
chr14	3035	1659
chr14	3035	1661
chr14	3035	2003
chr14	3037	196
chr14	3037	1639
chr14	3037	1649
chr14	3037	1661
chr14	3037	2000
chr14	3037	2003
chr14	3038	152
chr14	3038	2003
chr14	3038	2487
chr14	3038	2986
chr14	3043	1946
chr14	3043	1950
chr14	3043	2554
chr14	3043	2748
chr14	3044	196
chr14	3044	1949
chr14	3045	153
chr14	3045	196
chr14	3045	1151
chr14	3045	1922
chr14	3045	1928
chr14	3045	1949
chr14	3045	1999
chr14	3045	2003
chr14	3045	2487
chr14	3045	2511
chr14	3045	2515
chr14	3045	2553
chr14	3045	2554
chr14	3046	924
chr14	3046	1949
chr14	3046	1950
chr14	3046	2652
chr14	3047	2003
chr14	3047	3042
chr14	3048	196
chr14	3048	204
chr14	3048	627
chr14	3048	1603
chr14	3048	1643
chr14	3048	1645
chr14	3048	1654
chr14	3048	1655
chr14	3048	1661
chr14	3048	1667
chr14	3048	3038
chr14	3049	1949
chr14	3049	2553
chr14	3050	1236
chr14	3050	2511
chr14	3051	2642
chr14	3052	2511
chr14	3052	2642
chr14	3054	1669
chr14	3054	2511
chr14	3054	2642
chr14	3058	1691
chr14	3058	2511
chr14	3058	2516
chr14	3058	2519
chr14	3058	2526
chr14	3058	2529
chr14	3058	2547
chr14	3060	196
chr14	3064	196
chr14	3064	204
chr14	3069	735
chr14	3069	739
chr14	3069	740
chr14	3069	1949
chr14	3070	740
chr14	3071	151
chr14	3075	830
chr14	3075	1594
chr14	3075	2298
chr14	3085	2548
chr14	3090	2085
chr14	3091	2544
chr14	3091	3086
chr14	3098	184
chr14	3098	196
chr14	3098	721
chr14	3098	1924
chr14	3098	2376
chr14	3098	2377
chr14	3098	2384
chr14	3098	2599
chr14	3099	1909
chr14	3100	1950
chr14	3100	1999
chr14	3100	2005
chr14	3100	2007
chr14	3100	2126
chr14	3100	2127
chr14	3100	2131
chr14	3100	2132
chr14	3100	2188
chr14	3101	1923
chr14	3101	1928
chr14	3101	1949
chr14	3101	2365
chr14	3103	2175
chr14	3109	2547
chr14	3116	3095
chr15	151	135
chr15	153	130
chr15	153	131
chr15	153	132
chr15	153	134
chr15	153	143
chr15	500	195
chr15	500	201
chr15	501	195
chr15	629	167
chr15	644	171
chr15	749	708
chr15	759	749
chr15	767	749
chr15	777	753
chr15	947	919
chr15	954	645
chr15	955	644
chr15	955	645
chr15	956	644
chr15	958	642
chr15	958	644
chr15	958	645
chr15	959	165
chr15	959	167
chr15	959	644
chr15	960	644
chr15	961	644
chr15	992	980
chr15	1015	1001
chr15	1022	1001
chr15	1313	1003
chr15	1319	984
chr15	1323	984
chr15	1327	988
chr15	1545	1524
chr15	1548	1473
chr15	1561	1532
chr15	1561	1545
chr15	1562	1545
chr15	1563	1545
chr15	1565	1525
chr15	1591	1545
chr15	1702	1675
chr15	1742	1713
chr15	1773	1740
chr15	1821	1810
chr15	1822	1142
chr15	1822	1805
chr15	1822	1810
chr15	1822	1812
chr15	1831	911
chr15	1900	924
chr15	1955	180
chr15	1955	1327
chr15	1956	922
chr15	1956	924
chr15	1956	925
chr15	1957	925
chr15	2075	328
chr15	2117	246
chr15	2132	951
chr15	2159	816
chr15	2159	1619
chr15	2194	864
chr15	2196	2153
chr15	2211	2187
chr15	2221	1081
chr15	2253	246
chr15	2351	2336
chr15	2376	2364
chr15	2382	2365
chr15	2385	2365
chr15	2385	2366
chr15	2386	2364
chr15	2386	2365
chr15	2386	2371
chr15	2464	2110
chr15	2470	950
chr15	2472	954
chr15	2475	950
chr15	2478	950
chr15	2479	950
chr15	2490	952
chr15	2501	953
chr15	2502	950
chr15	2502	959
chr15	2545	2534
chr15	2546	2527
chr15	2554	2438
chr16	160	140
chr16	160	142
chr16	430	275
chr16	626	601
chr16	627	609
chr16	755	120
chr16	755	125
chr16	777	765
chr16	780	765
chr16	784	765
chr16	784	766
chr16	784	767
chr16	785	767
chr16	786	762
chr16	820	547
chr16	1092	1056
chr16	1092	1057
chr16	1092	1058
chr16	1093	1064
chr16	1094	1056
chr16	1180	1158
chr16	1195	1157
chr16	1216	782
chr16	1216	799
chr16	1216	801
chr16	1386	1285
chr16	1400	1261
chr16	1402	743
chr16	1402	764
chr16	1402	786
chr16	1462	977
chr16	1466	967
chr16	1483	1011
chr16	1491	1486
chr16	1916	980
chr16	1917	980
chr16	1920	1892
chr16	2035	976
chr16	2119	792
chr16	2183	568
chr16	2183	580
chr16	2183	597
chr16	2183	599
chr16	2183	607
chr16	2183	609
chr16	2183	619
chr16	2194	853
chr16	2194	879
chr16	2194	1266
chr16	2239	1398
chr16	2255	2248
chr16	2255	2249
chr16	2257	2186
chr16	2267	2260
chr16	2283	1101
chr16	2305	834
chr16	2305	876
chr16	2329	2314
chr16	2331	2314
chr16	2333	2314
chr16	2345	2343
chr16	2350	1400
chr16	2350	1401
chr16	2350	1434
chr16	2362	1110
chr16	2362	2349
chr16	2362	2350
chr16	2376	814
chr16	2408	753
chr16	2408	801
chr16	2411	801
chr16	2435	2411
chr16	2435	2418
chr16	2438	2411
chr17	229	221
chr17	272	250
chr17	272	253
chr17	277	248
chr17	277	252
chr17	282	230
chr17	282	252
chr17	303	231
chr17	304	238
chr17	308	256
chr17	309	238
chr17	309	256
chr17	313	239
chr17	313	256
chr17	313	271
chr17	314	238
chr17	314	239
chr17	314	256
chr17	325	245
chr17	325	250
chr17	325	256
chr17	325	270
chr17	325	272
chr17	425	400
chr17	427	399
chr17	427	400
chr17	531	456
chr17	593	567
chr17	689	685
chr17	877	622
chr17	877	631
chr17	877	632
chr17	878	615
chr17	878	622
chr17	878	623
chr17	878	624
chr17	880	631
chr17	881	622
chr17	881	631
chr17	916	78
chr17	934	925
chr17	1010	1001
chr17	1070	1037
chr17	1142	931
chr17	1173	621
chr17	1218	162
chr17	1311	1249
chr17	1487	1023
chr17	1563	978
chr17	1590	1567
chr17	1593	1539
chr17	1649	1419
chr17	1700	967
chr17	1736	1706
chr17	1779	1082
chr17	1782	1082
chr17	1782	1143
chr17	1782	1146
chr17	1782	1164
chr17	1782	1171
chr17	1853	1830
chr17	1973	929
chr17	1998	1153
chr17	2004	1213
chr17	2004	1219
chr17	2015	1153
chr17	2015	1174
chr17	2016	1782
chr17	2017	1780
chr17	2017	1782
chr17	2018	1782
chr17	2021	1782
chr17	2022	1782
chr17	2023	900
chr17	2023	1782
chr17	2024	1782
chr17	2026	1193
chr17	2031	643
chr17	2031	644
chr17	2031	645
chr17	2101	2026
chr17	2102	881
chr17	2102	2022
chr17	2102	2026
chr17	2102	2031
chr17	2124	324
chr17	2124	775
chr17	2125	934
chr17	2132	259
chr17	2132	567
chr17	2140	1875
chr17	2148	2139
chr17	2220	2020
chr17	2220	2022
chr17	2222	162
chr17	2222	2022
chr17	2264	2252
chr17	2272	2252
chr17	2353	1252
chr18	226	196
chr18	249	246
chr18	525	85
chr18	525	439
chr18	621	87
chr18	621	88
chr18	627	88
chr18	636	249
chr18	753	654
chr18	758	621
chr18	758	623
chr18	758	648
chr18	758	652
chr18	758	655
chr18	758	665
chr18	758	688
chr18	759	613
chr18	759	621
chr18	766	669
chr18	795	640
chr18	798	763
chr18	849	819
chr18	1059	1022
chr18	1123	1115
chr18	1243	1191
chr18	1248	152
chr18	1419	198
chr18	1420	596
chr18	1508	1483
chr18	1612	1601
chr18	1645	1120
chr18	1645	1121
chr18	1747	1703
chr18	1848	1775
chr18	1859	1698
chr18	1908	1898
chr18	1910	1883
chr18	1928	1914
chr18	2003	1967
chr18	2071	90
chr18	2223	2040
chr18	2254	2048
chr19	247	231
chr19	292	282
chr19	574	553
chr19	618	610
chr19	619	610
chr19	624	610
chr19	706	688
chr19	720	706
chr19	720	707
chr19	813	805
chr19	814	805
chr19	1004	978
chr19	1006	978
chr19	1007	977
chr19	1007	978
chr19	1088	1073
chr19	1104	1037
chr19	1159	1155
chr19	1183	926
chr19	1378	1361
chr19	1378	1362
chr19	1379	1352
chr19	1379	1354
chr19	1379	1358
chr19	1379	1359
chr19	1379	1361
chr19	1384	1354
chr19	1392	1026
chr19	1392	1197
chr19	1394	1197
chr19	1401	1354
chr19	1407	1026
chr19	1407	1352
chr19	1407	1354
chr19	1439	1026
chr19	1506	1489
chr19	1519	1486
chr19	1521	1486
chr19	1522	1421
chr2	144	124
chr2	144	126
chr2	146	125
chr2	146	126
chr2	234	149
chr2	238	168
chr2	248	147
chr2	249	149
chr2	254	130
chr2	260	103
chr2	281	125
chr2	285	125
chr2	285	126
chr2	285	127
chr2	285	128
chr2	285	129
chr2	285	130
chr2	285	133
chr2	285	145
chr2	285	146
chr2	286	125
chr2	286	126
chr2	286	127
chr2	286	130
chr2	286	146
chr2	287	88
chr2	287	130
chr2	287	145
chr2	287	146
chr2	287	147
chr2	287	148
chr2	294	164
chr2	311	244
chr2	367	330
chr2	403	391
chr2	403	395
chr2	404	395
chr2	433	267
chr2	434	271
chr2	434	273
chr2	453	287
chr2	464	113
chr2	467	439
chr2	468	439
chr2	469	215
chr2	469	287
chr2	473	113
chr2	473	150
chr2	476	124
chr2	476	125
chr2	476	127
chr2	476	148
chr2	512	115
chr2	516	434
chr2	517	438
chr2	518	133
chr2	518	161
chr2	518	504
chr2	520	115
chr2	520	290
chr2	562	548
chr2	571	116
chr2	571	126
chr2	571	130
chr2	571	132
chr2	571	287
chr2	571	524
chr2	572	116
chr2	572	480
chr2	573	116
chr2	573	122
chr2	575	478
chr2	577	116
chr2	577	117
chr2	577	478
chr2	597	149
chr2	607	521
chr2	614	521
chr2	614	535
chr2	614	607
chr2	615	132
chr2	615	521
chr2	615	607
chr2	855	126
chr2	929	905
chr2	929	906
chr2	932	905
chr2	1219	1201
chr2	1227	1121
chr2	1259	1110
chr2	1324	1317
chr2	1620	206
chr2	1732	484
chr2	1835	773
chr2	1835	774
chr2	1835	775
chr2	1845	1319
chr2	1850	775
chr2	1850	1319
chr2	1850	1320
chr2	1858	1320
chr2	1859	890
chr2	1859	1848
chr2	1860	890
chr2	1860	936
chr2	1860	938
chr2	1860	1834
chr2	1861	1848
chr2	1861	1855
chr2	1862	1854
chr2	1863	1319
chr2	1887	879
chr2	2116	1542
chr2	2116	1545
chr2	2258	2190
chr2	2293	122
chr2	2293	126
chr2	2298	571
chr2	2302	1894
chr2	2302	1896
chr2	2302	2114
chr2	2350	2114
chr2	2377	307
chr2	2397	460
chr2	2405	469
chr2	2409	2377
chr2	2410	2377
chr2	2455	81
chr2	2455	519
chr2	2455	571
chr2	2455	684
chr2	2693	2671
chr2	2693	2676
chr2	2719	2696
chr2	2739	2718
chr2	2739	2729
chr2	2828	2817
chr2	2899	2883
chr2	2899	2885
chr2	2941	2109
chr2	2946	978
chr2	2985	448
chr2	2985	2455
chr2	2986	139
chr2	3021	2543
chr2	3024	125
chr2	3026	2455
chr2	3028	2612
chr2	3147	634
chr2	3206	3193
chr2	3206	3199
chr2	3209	3193
chr2	3223	1804
chr2	3228	836
chr2	3307	1904
chr2	3659	2455
chr2	3759	3732
chr2	3797	2994
chr2	3805	3174
chr2	3806	3173
chr2	3806	3174
chr2	3809	2974
chr2	3810	2265
chr2	3816	2982
chr2	3831	684
chr2	3831	1898
chr2	3831	2265
chr2	3857	1740
chr2	3857	1769
chr2	3858	3226
chr2	3859	3227
chr2	3872	2974
chr2	3872	2976
chr2	3874	1740
chr2	3885	3227
chr2	3902	1808
chr2	3902	1821
chr2	3903	2987
chr2	3907	3193
chr2	3911	3009
chr2	3911	3171
chr2	3911	3192
chr2	3911	3193
chr2	3911	3201
chr2	3912	3193
chr2	3913	3192
chr2	3913	3193
chr2	3913	3208
chr2	3915	3193
chr2	3915	3194
chr2	3915	3203
chr2	3916	3196
chr2	3916	3201
chr2	3916	3203
chr2	3917	3205
chr2	3919	3216
chr2	3933	3171
chr2	3947	3937
chr2	3957	3173
chr2	3957	3259
chr2	3959	3173
chr2	4011	3968
chr2	4018	3961
chr2	4049	4027
chr2	4059	4026
chr2	4113	3163
chr2	4114	3163
chr2	4114	3176
chr2	4114	3226
chr2	4114	3859
chr2	4141	3173
chr2	4141	3175
chr2	4146	2302
chr2	4147	2302
chr2	4148	2310
chr2	4149	1793
chr2	4149	2275
chr2	4152	2275
chr2	4154	2275
chr2	4154	2302
chr2	4155	1793
chr2	4157	1793
chr2	4165	1783
chr2	4169	3229
chr2	4172	742
chr2	4173	1792
chr2	4174	1783
chr2	4174	1792
chr2	4177	1792
chr2	4182	573
chr2	4218	751
chr2	4247	4222
chr2	4267	4025
chr2	4300	4263
chr2	4300	4265
chr2	4300	4267
chr2	4300	4281
chr2	4307	4261
chr2	4332	4326
chr2	4333	4324
chr2	4344	2985
chr2	4344	2986
chr2	4367	4354
chr2	4368	4354
chr2	4369	4354
chr2	4370	3802
chr2	4428	4370
chr2	4449	3383
chr2	4467	802
chr2	4491	3039
chr2	4492	2275
chr2	4497	3257
chr2	4501	3901
chr2	4507	1849
chr2	4507	2298
chr2	4507	3039
chr2	4507	3045
chr2	4508	2274
chr2	4508	2275
chr2	4508	2298
chr2	4508	3043
chr2	4509	3226
chr2	4512	3226
chr2	4521	3254
chr2	4532	684
chr2	4532	3825
chr2	4532	3831
chr2	4534	3257
chr3	123	122
chr3	153	120
chr3	243	235
chr3	244	235
chr3	245	235
chr3	382	351
chr3	382	359
chr3	382	370
chr3	443	410
chr3	476	452
chr3	636	207
chr3	637	207
chr3	678	234
chr3	678	239
chr3	710	210
chr3	885	863
chr3	886	863
chr3	887	861
chr3	1253	1230
chr3	1254	1220
chr3	1255	1220
chr3	1274	1212
chr3	1318	1304
chr3	1420	1396
chr3	1425	1397
chr3	1426	1385
chr3	1498	1473
chr3	1500	1473
chr3	1593	1585
chr3	1636	287
chr3	1644	286
chr3	1644	287
chr3	1644	1630
chr3	1644	1632
chr3	1713	1710
chr3	1811	1746
chr3	1812	1746
chr3	1813	1746
chr3	1814	1745
chr3	1814	1746
chr3	1816	1746
chr3	1816	1748
chr3	1817	1741
chr3	1817	1746
chr3	1817	1748
chr3	1820	1741
chr3	1820	1746
chr3	1822	1746
chr3	1823	1746
chr3	1873	1824
chr3	1932	1898
chr3	1962	1897
chr3	1963	1897
chr3	1966	1897
chr3	1967	1895
chr3	1967	1897
chr3	1968	1897
chr3	1971	1897
chr3	2023	215
chr3	2023	1655
chr3	2026	219
chr3	2026	230
chr3	2042	1997
chr3	2043	1997
chr3	2043	1998
chr3	2108	1037
chr3	2166	1577
chr3	2168	1040
chr3	2168	1577
chr3	2187	1719
chr3	2280	308
chr3	2296	2266
chr3	2528	2520
chr3	2534	230
chr3	2536	149
chr3	2536	212
chr3	2536	223
chr3	2558	119
chr3	2563	2551
chr3	2565	199
chr3	2569	2388
chr3	2570	1717
chr3	2570	2388
chr3	2574	207
chr3	2574	2209
chr3	2694	1301
chr3	2702	1952
chr3	2702	2369
chr3	2704	1342
chr3	2704	1345
chr3	2733	207
chr3	2733	226
chr3	2733	636
chr3	2733	637
chr3	2733	2404
chr3	2907	2716
chr3	2908	2256
chr3	2908	2569
chr3	2909	207
chr3	2909	2256
chr3	2912	2906
chr3	3028	2702
chr3	3038	2427
chr3	3038	2595
chr3	3038	2698
chr3	3038	2699
chr3	3038	2712
chr3	3040	2698
chr3	3043	2617
chr3	3046	3042
chr3	3048	2702
chr3	3049	2702
chr3	3055	3051
chr3	3057	2712
chr3	3070	3059
chr3	3071	3052
chr3	3074	2712
chr3	3076	2712
chr3	3076	2908
chr3	3076	3074
chr3	3078	2712
chr3	3078	2824
chr3	3204	638
chr3	3226	200
chr3	3231	1697
chr3	3238	3178
chr3	3238	3226
chr3	3272	2546
chr3	3272	2552
chr3	3272	2572
chr3	3272	2698
chr3	3380	2698
chr3	3382	419
chr3	3384	2698
chr3	3438	2574
chr3	3440	207
chr3	3443	1717
chr3	3443	1718
chr3	3446	2549
chr3	3448	1716
chr3	3454	1645
chr3	3454	2698
chr3	3455	2698
chr3	3461	3459
chr3	3468	1717
chr3	3468	1723
chr3	3535	3531
chr3	3550	1636
chr3	3550	3059
chr3	3554	2595
chr3	3556	3036
chr3	3559	3272
chr3	3561	2911
chr3	3561	3033
chr3	3561	3075
chr3	3561	3464
chr3	3562	2704
chr3	3562	2705
chr3	3562	2706
chr3	3562	3075
chr3	3573	2686
chr3	3597	1883
chr3	3598	2686
chr3	3602	2574
chr3	3602	2688
chr3	3606	2688
chr3	3607	2688
chr3	3607	3033
chr3	3608	2688
chr3	3642	1971
chr3	3661	1433
chr3	3661	2697
chr3	3687	2521
chr3	3720	1485
chr3	3738	1013
chr3	3780	181
chr3	3780	3473
chr3	3785	3657
chr3	3799	3206
chr3	3802	2411
chr3	3802	2412
chr3	3802	2413
chr3	3802	2414
chr3	3804	2908
chr3	3805	2908
chr3	3809	2697
chr3	3809	3561
chr3	3810	1914
chr3	3810	2908
chr3	3812	2560
chr3	3814	3075
chr3	3815	1914
chr3	3816	1914
chr3	3816	2910
chr3	3816	3055
chr3	3821	1992
chr3	3821	1994
chr3	3821	2552
chr3	3823	2552
chr3	3823	2553
chr3	3824	2361
chr3	3825	1895
chr3	3825	1898
chr3	3825	1914
chr3	3825	2552
chr3	3830	1895
chr3	3830	2712
chr3	3835	1894
chr3	3835	2558
chr3	3836	1883
chr3	3836	1895
chr3	3838	1894
chr3	3838	1895
chr3	3840	2413
chr3	3841	2574
chr3	3842	2908
chr3	3842	2909
chr3	3845	2906
chr3	3845	2909
chr3	3845	2915
chr3	3848	2906
chr3	3848	2915
chr3	3850	2915
chr3	3870	1889
chr3	3870	1890
chr3	3905	3857
chr3	3940	3797
chr3	3943	3797
chr3	3945	2759
chr3	3979	3252
chr4	200	161
chr4	335	306
chr4	335	312
chr4	335	314
chr4	338	312
chr4	343	313
chr4	343	314
chr4	344	313
chr4	474	270
chr4	482	406
chr4	486	398
chr4	869	226
chr4	873	76
chr4	873	80
chr4	882	210
chr4	884	112
chr4	885	112
chr4	893	112
chr4	896	122
chr4	990	883
chr4	1107	831
chr4	1211	1188
chr4	1354	277
chr4	1385	834
chr4	1385	836
chr4	1426	831
chr4	1426	834
chr4	1426	835
chr4	1430	1208
chr4	1446	1204
chr4	1531	1502
chr4	1531	1503
chr4	1531	1512
chr4	1532	1504
chr4	1537	1503
chr4	1538	1503
chr4	1689	1655
chr4	1959	1895
chr4	2107	2094
chr4	2110	2088
chr4	2111	2087
chr4	2114	2087
chr4	2120	2094
chr4	2120	2096
chr4	2435	1377
chr4	2516	1095
chr4	2516	1098
chr4	2516	1099
chr4	2517	2473
chr4	2517	2495
chr4	2517	2501
chr4	2517	2507
chr4	2517	2510
chr4	2517	2511
chr4	2521	2473
chr4	2543	2529
chr4	2571	1326
chr4	2644	2626
chr4	2667	1427
chr4	2700	2048
chr4	2721	2715
chr4	2734	2004
chr4	2775	2741
chr4	2775	2742
chr4	2775	2743
chr4	2777	2742
chr4	2780	2743
chr4	2846	2791
chr4	2847	2790
chr4	2850	2791
chr4	2850	2792
chr4	2852	2792
chr4	2872	1214
chr4	2883	2718
chr4	2920	1554
chr4	2960	1552
chr4	2962	1442
chr4	2965	2958
chr4	2965	2962
chr4	2967	2958
chr4	2967	2959
chr4	2970	2967
chr4	2971	2958
chr4	2971	2967
chr4	2972	2958
chr4	2972	2967
chr4	2973	2958
chr4	2973	2967
chr4	3057	3023
chr4	3092	278
chr4	3135	1165
chr4	3140	3121
chr4	3140	3122
chr4	3140	3126
chr4	3141	3121
chr4	3141	3122
chr4	3147	1165
chr4	3147	1426
chr4	3156	1439
chr4	3164	1145
chr4	3187	3180
chr4	3197	3183
chr4	3214	284
chr4	3222	1380
chr4	3222	3140
chr4	3231	1165
chr4	3233	1139
chr4	3244	1380
chr4	3245	1165
chr4	3245	1380
chr4	3249	1165
chr4	3249	1380
chr4	3251	1020
chr4	3251	1102
chr4	3258	1114
chr4	3258	1440
chr4	3259	1088
chr4	3262	1088
chr4	3265	1109
chr4	3284	1122
chr4	3285	3271
chr4	3285	3274
chr4	3333	3134
chr4	3372	1040
chr4	3384	1351
chr4	3446	1320
chr4	3447	3327
chr4	3449	2659
chr4	3451	1131
chr4	3461	3113
chr4	3465	1161
chr4	3469	1137
chr4	3469	1380
chr4	3474	3141
chr4	3486	2073
chr4	3501	3487
chr4	3514	3151
chr4	3574	3538
chr4	3588	3565
chr4	3588	3576
chr4	3588	3577
chr4	3598	3591
chr4	3600	3565
chr4	3625	873
chr4	3625	2073
chr4	3625	2076
chr4	3625	2077
chr4	3625	2079
chr4	3625	2080
chr4	3625	2082
chr4	3625	2754
chr4	3626	80
chr4	3626	873
chr4	3626	2073
chr4	3626	2079
chr4	3626	2892
chr4	3626	2894
chr4	3626	2895
chr4	3627	873
chr4	3627	2947
chr4	3628	873
chr4	3628	1118
chr4	3628	2073
chr4	3628	2075
chr4	3628	2079
chr4	3629	80
chr4	3629	873
chr4	3629	2073
chr4	3629	3626
chr4	3630	873
chr4	3630	2073
chr4	3630	2075
chr4	3630	2079
chr4	3630	3626
chr4	3632	873
chr4	3632	1140
chr4	3632	1141
chr4	3632	2073
chr4	3632	2074
chr4	3632	2075
chr4	3632	2077
chr4	3632	2079
chr4	3632	2903
chr4	3632	3491
chr4	3642	3626
chr4	3643	76
chr4	3643	80
chr4	3643	873
chr4	3643	2073
chr4	3643	2075
chr4	3643	2079
chr4	3643	3626
chr4	3643	3629
chr4	3643	3630
chr4	3644	76
chr4	3644	80
chr4	3644	873
chr4	3644	2073
chr4	3644	2077
chr4	3644	3625
chr4	3644	3626
chr4	3644	3627
chr4	3644	3628
chr4	3644	3629
chr4	3644	3630
chr4	3644	3632
chr4	3645	873
chr4	3645	3626
chr4	3651	76
chr4	3651	80
chr4	3651	873
chr4	3651	2699
chr4	3651	3625
chr4	3651	3626
chr4	3651	3627
chr4	3651	3628
chr4	3651	3629
chr4	3651	3630
chr4	3651	3643
chr4	3651	3644
chr4	3654	873
chr4	3654	2073
chr4	3654	3625
chr4	3654	3626
chr4	3654	3627
chr4	3654	3628
chr4	3654	3629
chr4	3654	3630
chr4	3654	3632
chr4	3654	3643
chr4	3659	873
chr4	3659	3115
chr4	3659	3625
chr4	3659	3626
chr4	3659	3627
chr4	3659	3628
chr4	3659	3629
chr4	3659	3630
chr4	3659	3632
chr4	3661	3047
chr4	3666	76
chr4	3666	873
chr4	3666	2073
chr4	3666	2075
chr4	3666	2077
chr4	3666	2079
chr4	3666	3114
chr4	3666	3332
chr4	3666	3625
chr4	3666	3626
chr4	3666	3627
chr4	3666	3628
chr4	3666	3629
chr4	3666	3630
chr4	3666	3631
chr4	3666	3632
chr4	3666	3642
chr4	3666	3643
chr4	3666	3644
chr4	3666	3645
chr4	3667	873
chr4	3667	3625
chr4	3667	3626
chr4	3667	3627
chr4	3667	3628
chr4	3667	3629
chr4	3667	3630
chr4	3667	3632
chr4	3667	3643
chr4	3667	3644
chr4	3667	3645
chr4	3667	3654
chr4	3668	873
chr4	3668	2872
chr4	3668	2900
chr4	3668	2969
chr4	3668	2975
chr4	3668	3086
chr4	3668	3098
chr4	3668	3103
chr4	3668	3258
chr4	3668	3259
chr4	3668	3625
chr4	3668	3626
chr4	3668	3627
chr4	3668	3628
chr4	3668	3629
chr4	3668	3630
chr4	3668	3632
chr4	3668	3643
chr4	3668	3644
chr4	3668	3654
chr4	3670	80
chr4	3670	873
chr4	3670	2073
chr4	3670	2894
chr4	3670	2968
chr4	3670	3258
chr4	3670	3625
chr4	3670	3626
chr4	3670	3627
chr4	3670	3628
chr4	3670	3629
chr4	3670	3630
chr4	3670	3632
chr4	3670	3642
chr4	3670	3643
chr4	3670	3644
chr4	3670	3645
chr4	3670	3651
chr4	3670	3654
chr4	3671	80
chr4	3671	873
chr4	3671	2073
chr4	3671	2075
chr4	3671	3625
chr4	3671	3626
chr4	3671	3627
chr4	3671	3628
chr4	3671	3629
chr4	3671	3630
chr4	3671	3631
chr4	3671	3632
chr4	3671	3642
chr4	3671	3643
chr4	3671	3644
chr4	3671	3645
chr4	3671	3651
chr4	3671	3654
chr4	3671	3666
chr4	3671	3670
chr4	3672	80
chr4	3672	873
chr4	3672	1552
chr4	3672	2073
chr4	3672	2075
chr4	3672	2076
chr4	3672	3625
chr4	3672	3626
chr4	3672	3627
chr4	3672	3628
chr4	3672	3629
chr4	3672	3630
chr4	3672	3632
chr4	3672	3642
chr4	3672	3643
chr4	3672	3644
chr4	3672	3645
chr4	3672	3651
chr4	3672	3654
chr4	3673	76
chr4	3673	80
chr4	3673	873
chr4	3673	2073
chr4	3673	2079
chr4	3673	3625
chr4	3673	3626
chr4	3673	3627
chr4	3673	3628
chr4	3673	3629
chr4	3673	3630
chr4	3673	3632
chr4	3673	3642
chr4	3673	3643
chr4	3673	3644
chr4	3673	3645
chr4	3673	3651
chr4	3673	3666
chr4	3673	3670
chr4	3673	3671
chr4	3674	80
chr4	3674	873
chr4	3674	1992
chr4	3674	3258
chr4	3674	3625
chr4	3674	3626
chr4	3674	3627
chr4	3674	3628
chr4	3674	3629
chr4	3674	3630
chr4	3674	3631
chr4	3674	3632
chr4	3674	3642
chr4	3674	3643
chr4	3674	3644
chr4	3674	3645
chr4	3674	3651
chr4	3674	3654
chr4	3674	3659
chr4	3675	80
chr4	3675	873
chr4	3675	3625
chr4	3675	3626
chr4	3675	3627
chr4	3675	3628
chr4	3675	3629
chr4	3675	3630
chr4	3675	3632
chr4	3675	3642
chr4	3675	3643
chr4	3675	3644
chr4	3675	3645
chr4	3675	3651
chr4	3675	3654
chr4	3679	80
chr4	3679	873
chr4	3679	2073
chr4	3679	3625
chr4	3679	3626
chr4	3679	3627
chr4	3679	3628
chr4	3679	3629
chr4	3679	3630
chr4	3679	3631
chr4	3679	3632
chr4	3679	3642
chr4	3679	3643
chr4	3679	3644
chr4	3679	3645
chr4	3679	3651
chr4	3679	3654
chr4	3679	3659
chr4	3679	3666
chr4	3680	873
chr4	3680	2968
chr4	3680	2969
chr4	3680	3256
chr4	3680	3469
chr4	3680	3492
chr4	3680	3625
chr4	3680	3626
chr4	3680	3627
chr4	3680	3628
chr4	3680	3629
chr4	3680	3630
chr4	3680	3632
chr4	3680	3642
chr4	3680	3643
chr4	3680	3644
chr4	3680	3645
chr4	3680	3651
chr4	3680	3659
chr4	3680	3671
chr4	3717	284
chr4	3717	288
chr4	3719	3364
chr4	3720	3093
chr4	3722	284
chr4	3730	3222
chr4	3730	3223
chr4	3741	3305
chr4	3746	3744
chr4	3751	3742
chr4	3789	3090
chr4	3832	3751
chr4	3850	2733
chr4	3862	3626
chr4	3862	3643
chr4	3862	3670
chr4	3862	3672
chr4	3865	3630
chr4	3877	3668
chr4	3877	3674
chr4	3886	3666
chr5	175	150
chr5	185	144
chr5	187	144
chr5	195	149
chr5	196	149
chr5	197	140
chr5	200	140
chr5	376	374
chr5	379	166
chr5	379	374
chr5	380	374
chr5	469	450
chr5	469	451
chr5	470	450
chr5	497	115
chr5	503	453
chr5	504	451
chr5	504	453
chr5	504	477
chr5	505	484
chr5	508	454
chr5	509	432
chr5	509	454
chr5	510	454
chr5	525	381
chr5	659	623
chr5	659	624
chr5	659	630
chr5	659	632
chr5	659	633
chr5	660	381
chr5	661	630
chr5	661	633
chr5	661	659
chr5	685	661
chr5	741	720
chr5	741	721
chr5	813	798
chr5	832	379
chr5	885	879
chr5	953	945
chr5	954	945
chr5	1064	450
chr5	1073	101
chr5	1088	1056
chr5	1092	1057
chr5	1094	1064
chr5	1095	1056
chr5	1095	1062
chr5	1095	1064
chr5	1095	1074
chr5	1097	1057
chr5	1333	974
chr5	1343	595
chr5	1351	595
chr5	1352	595
chr5	1411	1363
chr5	1426	1374
chr5	1426	1378
chr5	1437	1372
chr5	1444	1359
chr5	1445	1379
chr5	1586	1372
chr5	1615	674
chr5	1652	850
chr5	1655	595
chr5	1804	1716
chr5	1804	1719
chr5	1811	1716
chr5	1835	1726
chr5	1837	1710
chr5	1839	1699
chr5	1840	1689
chr5	1840	1702
chr5	1841	1314
chr5	1857	1655
chr5	1862	1658
chr5	1862	1659
chr5	1862	1660
chr5	1877	769
chr5	1885	1856
chr5	1891	1856
chr5	1896	1100
chr5	1903	1635
chr5	1904	1856
chr5	1912	1907
chr5	1914	1907
chr5	1918	1691
chr5	1921	1856
chr5	1921	1907
chr5	1922	1345
chr5	1925	1693
chr5	1925	1694
chr5	1925	1855
chr5	1927	754
chr5	1934	1346
chr5	1944	1698
chr5	1945	1616
chr5	2016	1864
chr5	2208	1826
chr5	2226	2182
chr5	2227	2182
chr5	2301	1082
chr5	2312	864
chr5	2313	379
chr5	2313	1826
chr5	2313	1944
chr5	2334	1919
chr5	2387	296
chr5	2420	1847
chr5	2433	1360
chr5	2436	1919
chr5	2501	2441
chr5	2501	2492
chr5	2511	1833
chr5	2511	1834
chr5	2513	1899
chr5	2554	1259
chr5	2585	1382
chr5	2610	1086
chr5	2611	1086
chr5	2623	1082
chr5	2623	1674
chr5	2629	2525
chr5	2634	828
chr5	2637	1978
chr5	2641	1831
chr5	2648	1716
chr5	2653	888
chr5	2657	2033
chr5	2663	1141
chr5	2672	1700
chr5	2677	1082
chr5	2700	2662
chr5	2706	1840
chr5	2706	1845
chr5	2707	1846
chr5	2708	2033
chr5	2795	450
chr5	2815	2783
chr5	2848	1692
chr5	2851	2846
chr5	2854	2846
chr5	2855	2845
chr5	2855	2846
chr5	2855	2848
chr5	2885	832
chr5	2892	908
chr5	3014	3007
chr5	3036	1619
chr5	3036	1631
chr5	3037	1619
chr5	3063	773
chr5	3063	2864
chr5	3066	780
chr5	3067	2864
chr5	3072	2864
chr5	3110	573
chr5	3110	908
chr5	3110	2815
chr5	3110	2820
chr5	3110	2825
chr5	3110	2827
chr5	3113	2825
chr5	3114	2813
chr5	3131	3127
chr5	3144	740
chr5	3223	3208
chr5	3256	1105
chr5	3263	1616
chr5	3363	3302
chr5	3381	84
chr5	3453	3104
chr5	3455	1636
chr5	3457	3148
chr5	3464	908
chr5	3464	1642
chr5	3466	1627
chr5	3490	3484
chr5	3525	1630
chr5	3551	3539
chr5	3555	3539
chr5	3562	3539
chr5	3563	3542
chr5	3565	3539
chr5	3565	3541
chr5	3567	3539
chr5	3569	3539
chr5	3569	3540
chr5	3571	3541
chr5	3591	3577
chr5	3608	1839
chr5	3660	3656
chr5	3661	3656
chr5	3663	3660
chr5	3665	3660
chr5	3674	3660
chr5	3674	3661
chr5	3676	787
chr5	3697	787
chr5	3737	607
chr5	3743	1818
chr5	3756	2009
chr6	134	113
chr6	328	307
chr6	328	310
chr6	328	311
chr6	328	317
chr6	465	338
chr6	629	188
chr6	771	762
chr6	777	760
chr6	847	800
chr6	945	939
chr6	947	938
chr6	947	943
chr6	949	928
chr6	950	933
chr6	951	928
chr6	970	742
chr6	1037	1028
chr6	1038	1028
chr6	1188	983
chr6	1188	985
chr6	1188	996
chr6	1188	998
chr6	1188	999
chr6	1189	949
chr6	1189	980
chr6	1262	1235
chr6	1293	1279
chr6	1302	1284
chr6	1302	1288
chr6	1452	82
chr6	1464	79
chr6	1620	1476
chr6	1691	1075
chr6	1691	1464
chr6	1692	1464
chr6	1820	1815
chr6	1820	1816
chr6	1828	969
chr6	1954	1947
chr6	2049	1812
chr6	2049	1818
chr6	2049	1819
chr6	2053	1825
chr6	2059	1909
chr6	2063	1819
chr6	2067	969
chr6	2071	1819
chr6	2158	759
chr6	2158	760
chr6	2158	770
chr6	2161	989
chr6	2223	812
chr6	2232	937
chr6	2272	962
chr6	2276	1819
chr6	2292	2060
chr6	2416	2381
chr6	2454	1475
chr6	2576	2541
chr6	2687	1423
chr6	2714	2164
chr6	2715	1815
chr6	2717	1772
chr6	2717	1783
chr6	2758	1559
chr6	2821	2720
chr6	2824	2817
chr6	2834	755
chr6	2834	759
chr6	2834	912
chr6	2835	754
chr6	2837	759
chr6	2840	2158
chr6	2869	752
chr6	2869	759
chr6	2880	2317
chr6	2883	755
chr6	2886	1820
chr6	2887	738
chr6	2887	740
chr6	2888	754
chr6	2888	857
chr6	2888	2875
chr6	2891	942
chr6	2900	939
chr6	2900	940
chr6	2900	941
chr6	2920	2674
chr6	2941	2917
chr6	2941	2919
chr6	2941	2920
chr6	2941	2928
chr6	2943	1230
chr6	2943	1464
chr6	2961	1788
chr6	2978	2081
chr6	3017	2274
chr6	3017	3013
chr6	3018	2274
chr6	3083	969
chr6	3129	2164
chr6	3130	2164
chr6	3160	3131
chr6	3160	3140
chr6	3160	3141
chr6	3185	3174
chr6	3230	3220
chr6	3271	3251
chr6	3442	3435
chr6	3571	760
chr6	3571	1788
chr6	3574	626
chr6	3574	751
chr6	3574	760
chr6	3578	760
chr6	3579	3057
chr6	3580	3282
chr6	3606	322
chr6	3622	1800
chr6	3622	1801
chr6	3675	2191
chr6	3676	2197
chr6	3684	2197
chr6	3723	1230
chr6	3724	1230
chr6	3728	1230
chr6	3728	1822
chr7	172	160
chr7	240	183
chr7	240	184
chr7	240	187
chr7	241	183
chr7	241	185
chr7	242	183
chr7	242	184
chr7	242	185
chr7	242	186
chr7	242	187
chr7	243	182
chr7	243	183
chr7	243	184
chr7	243	185
chr7	243	186
chr7	243	187
chr7	244	167
chr7	244	170
chr7	244	172
chr7	244	177
chr7	244	180
chr7	244	182
chr7	244	183
chr7	244	184
chr7	244	185
chr7	244	186
chr7	244	187
chr7	245	167
chr7	245	180
chr7	245	182
chr7	245	183
chr7	245	184
chr7	245	185
chr7	245	187
chr7	264	182
chr7	264	183
chr7	264	184
chr7	264	185
chr7	264	186
chr7	264	187
chr7	265	158
chr7	265	161
chr7	265	165
chr7	265	166
chr7	265	167
chr7	265	169
chr7	265	170
chr7	265	171
chr7	265	172
chr7	265	173
chr7	265	179
chr7	265	180
chr7	265	182
chr7	265	183
chr7	265	184
chr7	265	185
chr7	265	186
chr7	265	187
chr7	265	243
chr7	265	244
chr7	266	155
chr7	266	158
chr7	266	161
chr7	266	165
chr7	266	166
chr7	266	167
chr7	266	168
chr7	266	169
chr7	266	170
chr7	266	171
chr7	266	172
chr7	266	180
chr7	266	182
chr7	266	183
chr7	266	184
chr7	266	185
chr7	266	186
chr7	266	187
chr7	266	243
chr7	266	244
chr7	267	183
chr7	267	184
chr7	267	185
chr7	267	186
chr7	267	187
chr7	268	179
chr7	268	183
chr7	268	184
chr7	268	185
chr7	268	186
chr7	269	183
chr7	269	184
chr7	270	183
chr7	271	183
chr7	271	187
chr7	272	183
chr7	272	187
chr7	273	183
chr7	273	186
chr7	273	187
chr7	274	183
chr7	274	187
chr7	275	183
chr7	276	183
chr7	276	185
chr7	276	187
chr7	278	183
chr7	278	184
chr7	278	187
chr7	279	183
chr7	281	183
chr7	281	187
chr7	283	183
chr7	283	184
chr7	284	183
chr7	294	187
chr7	296	137
chr7	296	150
chr7	302	183
chr7	307	187
chr7	309	187
chr7	318	183
chr7	327	170
chr7	327	308
chr7	332	187
chr7	343	183
chr7	348	183
chr7	360	183
chr7	370	342
chr7	370	349
chr7	371	343
chr7	371	349
chr7	372	354
chr7	372	355
chr7	374	342
chr7	374	349
chr7	376	343
chr7	409	343
chr7	411	177
chr7	411	381
chr7	412	336
chr7	412	339
chr7	412	342
chr7	412	343
chr7	412	347
chr7	413	183
chr7	413	337
chr7	413	343
chr7	413	347
chr7	413	348
chr7	413	349
chr7	425	111
chr7	426	111
chr7	430	158
chr7	440	121
chr7	466	187
chr7	470	444
chr7	471	444
chr7	478	444
chr7	483	444
chr7	483	457
chr7	488	439
chr7	488	444
chr7	489	439
chr7	489	444
chr7	516	342
chr7	580	202
chr7	581	202
chr7	581	580
chr7	603	511
chr7	603	513
chr7	603	514
chr7	603	516
chr7	604	157
chr7	604	158
chr7	604	166
chr7	604	171
chr7	604	172
chr7	604	183
chr7	604	187
chr7	604	274
chr7	604	276
chr7	604	387
chr7	604	444
chr7	604	456
chr7	604	457
chr7	604	469
chr7	604	471
chr7	604	500
chr7	604	503
chr7	604	506
chr7	604	509
chr7	604	510
chr7	604	511
chr7	604	512
chr7	604	513
chr7	604	514
chr7	604	515
chr7	604	516
chr7	605	510
chr7	605	513
chr7	605	514
chr7	605	515
chr7	605	516
chr7	606	513
chr7	606	515
chr7	606	516
chr7	607	342
chr7	607	508
chr7	607	509
chr7	607	510
chr7	607	511
chr7	607	512
chr7	607	513
chr7	607	514
chr7	607	515
chr7	607	516
chr7	608	515
chr7	608	516
chr7	609	503
chr7	609	509
chr7	609	510
chr7	609	514
chr7	609	516
chr7	611	513
chr7	611	515
chr7	614	166
chr7	614	171
chr7	614	172
chr7	614	174
chr7	614	183
chr7	614	486
chr7	614	501
chr7	614	503
chr7	614	506
chr7	614	507
chr7	614	509
chr7	614	510
chr7	614	511
chr7	614	512
chr7	614	513
chr7	614	514
chr7	614	515
chr7	614	516
chr7	615	166
chr7	615	172
chr7	615	183
chr7	615	187
chr7	615	265
chr7	615	351
chr7	615	486
chr7	615	501
chr7	615	503
chr7	615	506
chr7	615	509
chr7	615	510
chr7	615	512
chr7	615	513
chr7	615	514
chr7	615	515
chr7	615	516
chr7	616	509
chr7	616	511
chr7	616	512
chr7	616	513
chr7	616	514
chr7	616	515
chr7	616	516
chr7	617	512
chr7	617	513
chr7	617	515
chr7	618	512
chr7	618	513
chr7	618	514
chr7	618	515
chr7	618	516
chr7	618	605
chr7	619	183
chr7	619	509
chr7	619	512
chr7	619	514
chr7	619	515
chr7	620	514
chr7	620	515
chr7	620	516
chr7	622	509
chr7	622	511
chr7	622	512
chr7	622	513
chr7	622	514
chr7	622	515
chr7	623	505
chr7	623	508
chr7	623	512
chr7	623	515
chr7	624	506
chr7	624	509
chr7	624	511
chr7	624	512
chr7	624	514
chr7	624	515
chr7	624	516
chr7	625	506
chr7	625	509
chr7	625	510
chr7	625	511
chr7	625	512
chr7	625	513
chr7	625	514
chr7	625	515
chr7	625	516
chr7	626	512
chr7	626	514
chr7	626	515
chr7	627	506
chr7	627	511
chr7	627	512
chr7	627	514
chr7	627	515
chr7	627	516
chr7	628	506
chr7	628	515
chr7	629	501
chr7	629	505
chr7	629	507
chr7	629	509
chr7	629	511
chr7	629	514
chr7	629	515
chr7	630	506
chr7	630	509
chr7	642	503
chr7	645	641
chr7	832	202
chr7	853	808
chr7	853	809
chr7	855	806
chr7	855	807
chr7	855	808
chr7	856	803
chr7	856	808
chr7	858	806
chr7	859	799
chr7	859	800
chr7	859	801
chr7	859	805
chr7	859	806
chr7	859	807
chr7	859	808
chr7	859	811
chr7	860	800
chr7	860	801
chr7	860	803
chr7	860	805
chr7	860	806
chr7	860	807
chr7	860	808
chr7	860	809
chr7	860	811
chr7	863	799
chr7	863	800
chr7	863	808
chr7	864	806
chr7	864	807
chr7	864	808
chr7	865	805
chr7	865	806
chr7	865	808
chr7	868	799
chr7	869	806
chr7	870	799
chr7	870	800
chr7	870	806
chr7	870	808
chr7	871	800
chr7	871	805
chr7	871	808
chr7	871	810
chr7	871	811
chr7	873	795
chr7	874	796
chr7	874	798
chr7	874	799
chr7	875	796
chr7	875	799
chr7	876	795
chr7	901	891
chr7	950	934
chr7	965	183
chr7	1160	982
chr7	1160	983
chr7	1160	984
chr7	1161	980
chr7	1161	981
chr7	1161	982
chr7	1161	983
chr7	1162	980
chr7	1162	981
chr7	1162	982
chr7	1162	983
chr7	1163	963
chr7	1163	964
chr7	1163	968
chr7	1163	972
chr7	1163	976
chr7	1163	977
chr7	1163	978
chr7	1163	979
chr7	1163	980
chr7	1163	981
chr7	1163	982
chr7	1163	983
chr7	1163	984
chr7	1164	88
chr7	1164	158
chr7	1164	183
chr7	1164	187
chr7	1164	604
chr7	1164	963
chr7	1164	974
chr7	1164	976
chr7	1164	977
chr7	1164	978
chr7	1164	979
chr7	1164	980
chr7	1164	981
chr7	1164	982
chr7	1164	983
chr7	1164	984
chr7	1165	158
chr7	1165	183
chr7	1165	948
chr7	1165	960
chr7	1165	961
chr7	1165	963
chr7	1165	964
chr7	1165	965
chr7	1165	968
chr7	1165	974
chr7	1165	976
chr7	1165	977
chr7	1165	978
chr7	1165	979
chr7	1165	980
chr7	1165	981
chr7	1165	982
chr7	1165	983
chr7	1165	984
chr7	1166	183
chr7	1166	430
chr7	1166	930
chr7	1166	963
chr7	1166	964
chr7	1166	968
chr7	1166	975
chr7	1166	976
chr7	1166	977
chr7	1166	978
chr7	1166	979
chr7	1166	980
chr7	1166	981
chr7	1166	982
chr7	1166	983
chr7	1166	984
chr7	1167	977
chr7	1167	978
chr7	1167	979
chr7	1167	981
chr7	1167	983
chr7	1168	968
chr7	1168	970
chr7	1168	981
chr7	1168	983
chr7	1169	981
chr7	1169	983
chr7	1171	983
chr7	1175	981
chr7	1176	981
chr7	1177	981
chr7	1205	179
chr7	1213	183
chr7	1213	409
chr7	1216	183
chr7	1217	167
chr7	1219	159
chr7	1221	183
chr7	1223	170
chr7	1223	183
chr7	1225	244
chr7	1225	981
chr7	1230	1214
chr7	1231	981
chr7	1231	1214
chr7	1232	981
chr7	1236	183
chr7	1245	981
chr7	1245	1224
chr7	1247	981
chr7	1248	1169
chr7	1254	1169
chr7	1260	773
chr7	1260	981
chr7	1260	1163
chr7	1260	1164
chr7	1260	1165
chr7	1261	981
chr7	1261	1163
chr7	1261	1164
chr7	1262	1164
chr7	1265	1164
chr7	1266	773
chr7	1266	778
chr7	1267	1169
chr7	1268	171
chr7	1268	506
chr7	1278	773
chr7	1280	773
chr7	1287	425
chr7	1287	439
chr7	1296	443
chr7	1300	435
chr7	1300	436
chr7	1300	439
chr7	1306	436
chr7	1306	652
chr7	1308	113
chr7	1308	120
chr7	1308	425
chr7	1308	428
chr7	1309	113
chr7	1309	120
chr7	1309	121
chr7	1309	604
chr7	1310	120
chr7	1310	652
chr7	1314	120
chr7	1316	436
chr7	1316	439
chr7	1317	120
chr7	1317	435
chr7	1317	437
chr7	1317	439
chr7	1319	117
chr7	1319	120
chr7	1322	121
chr7	1323	490
chr7	1327	883
chr7	1328	883
chr7	1332	1330
chr7	1337	506
chr7	1592	339
chr7	1593	339
chr7	1665	183
chr7	1738	1673
chr7	1738	1691
chr7	1740	1691
chr7	1865	341
chr7	1874	338
chr7	1874	341
chr7	2093	1323
chr7	2130	2088
chr7	2149	2085
chr7	2180	137
chr7	2356	1262
chr7	2454	1853
chr7	2568	1879
chr7	2581	2502
chr7	2587	2448
chr7	2602	2516
chr7	2615	1879
chr7	2616	1888
chr7	2621	1882
chr7	2660	960
chr7	2784	2742
chr7	2830	234
chr7	2869	2727
chr7	2871	2727
chr7	2872	2727
chr7	2872	2728
chr7	2932	2204
chr7	2935	486
chr7	2937	2416
chr7	2937	2427
chr7	2939	1402
chr7	2939	2427
chr7	2945	2939
chr7	3002	2989
chr7	3006	2989
chr7	3130	2935
chr7	3132	2935
chr7	3140	435
chr7	3140	2029
chr7	3145	1860
chr7	3146	1320
chr7	3148	464
chr7	3148	465
chr7	3148	2596
chr7	3149	439
chr7	3149	2625
chr7	3150	2625
chr7	3150	2932
chr7	3153	2931
chr7	3158	1827
chr7	3164	2394
chr7	3164	3154
chr7	3166	1860
chr7	3167	1859
chr7	3167	2592
chr7	3182	1287
chr7	3185	1287
chr7	3185	2496
chr7	3189	1274
chr7	3190	1165
chr7	3190	1274
chr7	3190	1852
chr7	3190	1859
chr7	3190	1866
chr7	3190	2572
chr7	3191	1271
chr7	3191	1274
chr7	3191	1287
chr7	3193	2631
chr7	3203	1957
chr7	3214	3210
chr7	3214	3211
chr7	3220	3212
chr7	3220	3214
chr7	3224	2184
chr7	3232	2184
chr7	3232	2186
chr7	3232	2192
chr7	3232	2198
chr7	3232	2199
chr7	3232	2200
chr7	3233	1302
chr7	3235	895
chr7	3238	171
chr7	3239	1272
chr7	3253	3232
chr7	3253	3235
chr7	3256	120
chr7	3256	265
chr7	3260	1268
chr7	3267	1217
chr7	3307	3273
chr7	3311	3283
chr7	3313	3279
chr7	3315	3241
chr7	3315	3246
chr7	3316	3235
chr7	3316	3253
chr7	3323	3235
chr7	3331	3322
chr7	3333	152
chr7	3416	3153
chr7	3425	3142
chr7	3439	3403
chr7	3443	981
chr7	3504	3137
chr7	3507	3394
chr7	3519	3137
chr7	3536	3527
chr7	3556	2238
chr7	3581	3469
chr7	3588	2932
chr7	3588	2934
chr7	3599	3550
chr7	3599	3578
chr7	3599	3581
chr7	3609	3595
chr7	3610	3576
chr7	3610	3595
chr7	3612	3140
chr7	3612	3582
chr7	3612	3588
chr7	3612	3589
chr7	3612	3595
chr7	3612	3597
chr7	3614	3522
chr7	3614	3595
chr7	3615	488
chr7	3626	167
chr7	3635	167
chr7	3642	3576
chr7	3642	3600
chr7	3643	3631
chr7	3644	3576
chr7	3644	3582
chr7	3672	3504
chr7	3694	3690
chr7	3695	3686
chr7	3700	3685
chr7	3700	3686
chr7	3700	3687
chr7	3700	3694
chr7	3701	3685
chr7	3701	3687
chr7	3706	2185
chr7	3732	1841
chr7	3757	3149
chr7	3767	3758
chr7	3767	3759
chr7	3768	3759
chr7	3769	687
chr7	3803	897
chr7	3809	3804
chr8	277	265
chr8	278	265
chr8	280	265
chr8	283	94
chr8	315	299
chr8	372	338
chr8	373	348
chr8	375	302
chr8	377	360
chr8	493	88
chr8	493	107
chr8	493	108
chr8	494	108
chr8	494	109
chr8	495	107
chr8	495	108
chr8	495	109
chr8	495	493
chr8	497	88
chr8	497	107
chr8	497	335
chr8	498	493
chr8	498	494
chr8	498	495
chr8	500	108
chr8	500	493
chr8	500	494
chr8	500	495
chr8	500	498
chr8	501	88
chr8	501	107
chr8	501	108
chr8	501	109
chr8	501	493
chr8	501	494
chr8	501	495
chr8	501	498
chr8	593	497
chr8	630	619
chr8	635	619
chr8	638	615
chr8	639	619
chr8	703	686
chr8	746	498
chr8	766	720
chr8	802	720
chr8	802	721
chr8	804	704
chr8	804	715
chr8	805	704
chr8	805	705
chr8	805	709
chr8	805	710
chr8	810	715
chr8	835	734
chr8	842	312
chr8	849	830
chr8	849	835
chr8	849	836
chr8	851	366
chr8	867	366
chr8	869	353
chr8	869	366
chr8	869	370
chr8	875	495
chr8	875	498
chr8	875	500
chr8	880	498
chr8	881	498
chr8	940	920
chr8	940	923
chr8	974	729
chr8	1055	882
chr8	1152	1107
chr8	1154	493
chr8	1262	1249
chr8	1348	1233
chr8	1454	1391
chr8	1457	1403
chr8	1464	1395
chr8	1475	1395
chr8	1507	1502
chr8	1724	1691
chr8	1758	1628
chr8	1799	91
chr8	1799	92
chr8	1799	93
chr8	1799	94
chr8	1799	105
chr8	1799	107
chr8	1799	108
chr8	1799	109
chr8	1799	111
chr8	1799	283
chr8	1799	290
chr8	1799	313
chr8	1799	341
chr8	1799	348
chr8	1799	349
chr8	1799	350
chr8	1799	351
chr8	1799	352
chr8	1799	353
chr8	1799	358
chr8	1799	360
chr8	1799	366
chr8	1799	368
chr8	1799	370
chr8	1799	371
chr8	1799	372
chr8	1799	373
chr8	1799	374
chr8	1799	375
chr8	1799	377
chr8	1799	378
chr8	1799	379
chr8	1799	380
chr8	1799	381
chr8	1799	383
chr8	1799	389
chr8	1799	428
chr8	1799	448
chr8	1799	449
chr8	1799	450
chr8	1799	451
chr8	1799	458
chr8	1799	460
chr8	1799	461
chr8	1799	463
chr8	1799	464
chr8	1799	465
chr8	1799	466
chr8	1799	470
chr8	1799	472
chr8	1799	473
chr8	1799	474
chr8	1799	475
chr8	1799	476
chr8	1799	477
chr8	1799	481
chr8	1799	483
chr8	1799	486
chr8	1799	487
chr8	1799	489
chr8	1799	493
chr8	1799	494
chr8	1799	495
chr8	1799	497
chr8	1799	498
chr8	1799	500
chr8	1799	501
chr8	1799	710
chr8	1799	830
chr8	1799	835
chr8	1799	836
chr8	1799	849
chr8	1799	851
chr8	1799	869
chr8	1800	88
chr8	1800	105
chr8	1800	107
chr8	1800	111
chr8	1800	112
chr8	1800	115
chr8	1800	346
chr8	1800	349
chr8	1800	350
chr8	1800	352
chr8	1800	360
chr8	1800	373
chr8	1800	375
chr8	1800	377
chr8	1800	379
chr8	1800	380
chr8	1800	381
chr8	1800	383
chr8	1800	385
chr8	1800	422
chr8	1800	428
chr8	1800	448
chr8	1800	471
chr8	1800	474
chr8	1800	475
chr8	1800	476
chr8	1800	484
chr8	1800	487
chr8	1800	488
chr8	1800	489
chr8	1800	493
chr8	1800	494
chr8	1800	495
chr8	1800	497
chr8	1800	498
chr8	1800	500
chr8	1800	501
chr8	1800	681
chr8	1800	682
chr8	1800	699
chr8	1800	701
chr8	1800	702
chr8	1801	353
chr8	1801	358
chr8	1801	375
chr8	1801	379
chr8	1801	423
chr8	1801	477
chr8	1801	480
chr8	1801	481
chr8	1801	493
chr8	1801	494
chr8	1801	495
chr8	1801	497
chr8	1801	498
chr8	1801	500
chr8	1801	501
chr8	1802	91
chr8	1802	107
chr8	1802	277
chr8	1802	289
chr8	1802	332
chr8	1802	335
chr8	1802	340
chr8	1802	346
chr8	1802	349
chr8	1802	350
chr8	1802	351
chr8	1802	353
chr8	1802	360
chr8	1802	370
chr8	1802	372
chr8	1802	373
chr8	1802	374
chr8	1802	375
chr8	1802	377
chr8	1802	380
chr8	1802	383
chr8	1802	385
chr8	1802	474
chr8	1802	476
chr8	1802	489
chr8	1802	493
chr8	1802	494
chr8	1802	495
chr8	1802	497
chr8	1802	498
chr8	1802	500
chr8	1802	501
chr8	1802	552
chr8	1802	554
chr8	1802	589
chr8	1802	593
chr8	1802	595
chr8	1802	659
chr8	1802	677
chr8	1802	678
chr8	1802	709
chr8	1802	875
chr8	1802	1044
chr8	1803	88
chr8	1803	109
chr8	1803	327
chr8	1803	346
chr8	1803	348
chr8	1803	360
chr8	1803	370
chr8	1803	374
chr8	1803	375
chr8	1803	429
chr8	1803	433
chr8	1803	493
chr8	1803	494
chr8	1803	495
chr8	1803	497
chr8	1803	498
chr8	1803	500
chr8	1803	501
chr8	1804	107
chr8	1804	451
chr8	1804	466
chr8	1804	493
chr8	1804	494
chr8	1804	495
chr8	1804	497
chr8	1804	498
chr8	1804	500
chr8	1804	501
chr8	1817	501
chr8	1842	493
chr8	1842	495
chr8	1842	497
chr8	1842	498
chr8	1859	1843
chr8	1860	498
chr8	1860	1842
chr8	1939	501
chr8	1977	1578
chr8	2082	311
chr8	2132	2097
chr8	2152	370
chr8	2187	494
chr8	2227	2206
chr8	2228	2206
chr8	2262	2087
chr8	2264	875
chr8	2274	370
chr8	2277	1600
chr8	2279	370
chr8	2280	370
chr8	2288	869
chr8	2290	338
chr8	2290	493
chr8	2291	370
chr8	2291	869
chr8	2292	870
chr8	2293	869
chr8	2295	942
chr8	2297	869
chr8	2304	2287
chr8	2308	2286
chr8	2308	2287
chr8	2309	2287
chr8	2309	2290
chr8	2345	493
chr8	2376	2347
chr8	2376	2356
chr8	2399	2392
chr8	2415	2347
chr8	2415	2348
chr8	2415	2351
chr8	2694	493
chr8	2694	498
chr8	2703	2266
chr8	2705	501
chr8	2708	500
chr8	2710	501
chr8	2711	497
chr8	2711	498
chr8	2718	1248
chr8	2728	501
chr8	2729	495
chr8	2729	498
chr8	2729	501
chr8	2730	494
chr8	2730	495
chr8	2730	498
chr8	2730	500
chr8	2730	501
chr8	2733	494
chr8	2733	498
chr8	2733	500
chr8	2738	495
chr8	2738	498
chr8	2738	501
chr8	2740	498
chr8	2740	500
chr8	2740	501
chr8	2740	2261
chr8	2741	493
chr8	2741	494
chr8	2741	495
chr8	2741	497
chr8	2741	498
chr8	2741	500
chr8	2741	501
chr8	2782	107
chr8	2782	497
chr8	2782	2758
chr8	2782	2760
chr8	2789	2756
chr8	2789	2759
chr8	2789	2761
chr8	2789	2776
chr8	2789	2777
chr8	2791	2758
chr8	2794	2776
chr8	2798	2294
chr8	2837	871
chr8	2906	2869
chr8	2950	2877
chr8	2955	2725
chr8	2964	2941
chr8	2966	2889
chr8	2966	2890
chr8	2972	2941
chr8	2975	2915
chr8	2975	2930
chr8	2975	2933
chr8	2975	2937
chr8	2975	2941
chr8	2988	2939
chr8	2988	2940
chr8	2997	370
chr8	2997	2290
chr8	3000	2994
chr8	3006	2364
chr8	3007	2940
chr8	3036	3018
chr8	3040	3016
chr8	3040	3017
chr8	3040	3018
chr8	3041	3015
chr8	3041	3016
chr8	3044	3016
chr8	3045	2821
chr8	3045	2824
chr8	3045	2827
chr8	3045	3016
chr8	3046	3016
chr8	3048	3016
chr8	3157	1822
chr8	3192	2811
chr8	3209	2718
chr8	3209	3196
chr8	3210	1143
chr8	3210	3196
chr8	3210	3203
chr8	3212	2856
chr8	3223	2249
chr8	3231	2814
chr8	3231	2815
chr8	3232	2814
chr8	3237	2861
chr8	3238	1892
chr8	3238	2306
chr8	3238	2806
chr8	3238	3049
chr8	3242	2658
chr8	3242	2800
chr8	3242	2806
chr8	3243	1881
chr8	3244	2800
chr8	3244	2809
chr8	3244	2810
chr8	3244	2815
chr8	3244	3049
chr8	3269	2719
chr8	3271	3255
chr8	3271	3258
chr8	3271	3259
chr8	3272	3243
chr8	3272	3249
chr8	3272	3250
chr8	3273	2719
chr8	3273	2721
chr8	3273	3240
chr8	3273	3242
chr8	3273	3243
chr8	3273	3244
chr8	3273	3246
chr8	3273	3247
chr8	3273	3249
chr8	3273	3250
chr8	3273	3253
chr8	3273	3254
chr8	3273	3255
chr8	3273	3256
chr8	3273	3258
chr8	3273	3259
chr8	3274	3246
chr8	3275	3244
chr8	3275	3263
chr8	3275	3266
chr8	3276	3244
chr8	3276	3254
chr8	3276	3258
chr8	3293	3258
chr9	130	89
chr9	142	89
chr9	160	113
chr9	160	114
chr9	160	131
chr9	160	134
chr9	205	138
chr9	300	210
chr9	303	236
chr9	323	125
chr9	687	377
chr9	690	681
chr9	728	556
chr9	769	757
chr9	769	758
chr9	769	760
chr9	918	339
chr9	1070	533
chr9	1106	519
chr9	1111	537
chr9	1111	548
chr9	1137	533
chr9	1191	1168
chr9	1194	1168
chr9	1194	1174
chr9	1208	1168
chr9	1218	1212
chr9	1254	1236
chr9	1258	533
chr9	1321	1299
chr9	1528	533
chr9	1536	1523
chr9	1537	1523
chr9	1539	1522
chr9	1539	1523
chr9	1539	1526
chr9	1540	1520
chr9	1540	1523
chr9	1540	1525
chr9	1541	1523
chr9	1543	1521
chr9	1543	1526
chr9	1544	1499
chr9	1544	1520
chr9	1544	1521
chr9	1544	1522
chr9	1544	1523
chr9	1615	1605
chr9	1880	1185
chr9	1947	1942
chr9	1990	1966
chr9	1991	1962
chr9	2391	1264
chr9	2404	1822
chr9	2406	771
chr9	2414	1119
chr9	2475	1952
chr9	2479	1951
chr9	2507	2492
chr9	2508	2492
chr9	2525	875
chr9	2555	2531
chr9	2604	610
chr9	2659	1116
chr9	2694	1424
chr9	2707	540
chr9	2711	1327
chr9	2711	1337
chr9	2713	548
chr9	2748	519
chr9	2748	768
chr9	2748	1096
chr9	2749	770
chr9	2749	772
chr9	2749	1073
chr9	2749	1487
chr9	2751	771
chr9	2751	772
chr9	2757	770
chr9	2767	1814
chr9	2861	1824
chr9	2862	2384
chr9	2863	2774
chr9	2864	779
chr9	2864	1824
chr9	2970	2861
chr9	3065	1187
chr9	3066	1187
chr9	3085	609
chr9	3085	1170
