name,groseq_coverage,tad_class
chr1:3000000-4360000,0.02390294,2
chr1:4360000-4760000,0.0107975,1
chr1:4760000-6200000,0.08502570000000001,2
chr1:6200000-7200000,0.056628,2
chr1:7200000-9560000,0.01443051,1
chr1:9560000-10120000,0.25341440000000004,3
chr1:10120000-11600000,0.055313499999999995,2
chr1:11600000-13000000,0.05724,2
chr1:13040000-13680000,0.1019813,2
chr1:13760000-14720000,0.0129,1
chr1:14960000-16080000,0.04734646,2
chr1:16080000-17120000,0.1618271,3
chr1:17120000-18320000,0.00735,1
chr1:18320000-19040000,0.0015999999999999999,1
chr1:19160000-20600000,0.00255,1
chr1:20600000-21160000,0.09045,2
chr1:21360000-22560000,0.01293,1
chr1:22560000-23160000,0.00228,1
chr1:23320000-24280000,0.05055,2
chr1:24280000-25960000,0.01236429,1
chr1:25960000-30720000,0.000862185,1
chr1:30720000-31240000,0.1444843,2
chr1:31240000-33640000,0.008805,1
chr1:33720000-34520000,0.378945,3
chr1:34520000-36360000,0.05838259999999999,2
chr1:36360000-37960000,0.165802,3
chr1:38200000-39040000,0.10534286,2
chr1:39040000-39600000,0.1394359,2
chr1:39640000-40040000,0.110632,2
chr1:40160000-40840000,0.01492945,1
chr1:40880000-43160000,0.01528417,1
chr1:43160000-43800000,0.0659251,2
chr1:43800000-44160000,0.2102694,3
chr1:44200000-45840000,0.03240614,2
chr1:45840000-47280000,0.044649999999999995,2
chr1:47320000-51000000,0.003189132,1
chr1:51000000-51680000,0.0723176,2
chr1:51680000-52160000,0.0711,2
chr1:52200000-53760000,0.0919154,2
chr1:53760000-55240000,0.1521486,2
chr1:55240000-55840000,0.027659999999999997,2
chr1:55920000-57440000,0.043010480000000004,2
chr1:57440000-58440000,0.09759599999999999,2
chr1:58440000-59760000,0.233167,3
chr1:59760000-61040000,0.18805940000000002,3
chr1:61040000-63200000,0.0353167,2
chr1:63200000-64640000,0.1637,3
chr1:64760000-65240000,0.080925,2
chr1:65280000-66120000,0.017228586,1
chr1:66160000-67040000,0.0848454,2
chr1:67120000-69240000,0.001766035,1
chr1:69240000-71600000,0.01833562,1
chr1:71600000-72280000,0.221665,3
chr1:72280000-74240000,0.14490039999999998,2
chr1:74240000-75600000,0.245964,3
chr1:75600000-77960000,0.00782542,1
chr1:77960000-78480000,0.07541535999999999,2
chr1:78480000-79760000,0.0636375,2
chr1:79800000-80480000,0.08332943999999999,2
chr1:80800000-81320000,0.001592304,1
chr1:81320000-82520000,0.02499,2
chr1:82520000-83720000,0.05391,2
chr1:83720000-85280000,0.1095,2
chr1:87520000-88240000,0.2072236,3
chr1:88240000-88960000,0.457926,3
chr1:89040000-90200000,0.2027172,3
chr1:90200000-90640000,0.0675,2
chr1:90640000-91120000,0.09885,2
chr1:91200000-91520000,0.0974031,2
chr1:91520000-91880000,0.137419,2
chr1:91880000-92520000,0.03245625,2
chr1:92520000-92800000,0.014014270000000002,1
chr1:92800000-94800000,0.128538,2
chr1:95000000-95720000,0.30255,3
chr1:95720000-98720000,0.011052,1
chr1:98720000-99600000,0.01243636,1
chr1:99640000-100320000,0.037232299999999996,2
chr1:100560000-105680000,0.0015679729999999998,1
chr1:105720000-106840000,0.000964286,1
chr1:106840000-107560000,0.0327,2
chr1:107960000-108320000,0.071,2
chr1:108320000-108800000,0.106425,2
chr1:108800000-109440000,0.0007312499999999999,1
chr1:109440000-111920000,0.0011467740000000001,1
chr1:111920000-113560000,0.0012951220000000001,1
chr1:113560000-114280000,0.0102,1
chr1:114360000-116920000,0.007200000000000001,1
chr1:117160000-118400000,0.001712904,1
chr1:118640000-119440000,0.00513,1
chr1:119440000-120200000,0.016536795,1
chr1:120200000-121400000,0.1305867,2
chr1:121400000-122480000,0.1005333,2
chr1:122480000-123360000,0.022462500000000003,2
chr1:123480000-124800000,0.429409455,3
chr1:124800000-126040000,0.001103226,1
chr1:126600000-127240000,0.00084375,1
chr1:127280000-128880000,0.027450000000000002,2
chr1:128920000-129360000,0.06790913000000001,2
chr1:129400000-130160000,0.1730365,3
chr1:130160000-130760000,0.09048,2
chr1:130760000-132320000,0.001384616,1
chr1:132400000-132960000,0.0468643,2
chr1:133000000-133160000,0.2835,3
chr1:133160000-133800000,0.16048069999999998,3
chr1:133800000-134920000,0.20478190000000002,3
chr1:134920000-135520000,0.205688,3
chr1:135520000-136040000,0.14378280000000002,2
chr1:136040000-136520000,0.38835000000000003,3
chr1:136560000-137040000,0.05985,2
chr1:137040000-137720000,0.1975761,3
chr1:137720000-138360000,0.1073813,2
chr1:138400000-138640000,0.47175,3
chr1:138640000-139120000,0.02685,2
chr1:139120000-139960000,0.00797143,1
chr1:139960000-140680000,0.03925,2
chr1:140680000-141280000,0.07806,2
chr1:141280000-142000000,0.05815,2
chr1:142040000-142600000,0.027257129999999997,2
chr1:142600000-144640000,0.0013411769999999998,1
chr1:144720000-145560000,0.07208571,2
chr1:145640000-146240000,0.04674,2
chr1:146240000-148360000,0.001001887,1
chr1:149120000-151640000,0.0010428570000000001,1
chr1:151680000-152200000,0.0454847,2
chr1:152240000-152880000,0.0699953,2
chr1:152880000-153280000,0.123805,2
chr1:153280000-154200000,0.059884799999999995,2
chr1:154360000-154600000,0.032549999999999996,2
chr1:154600000-155320000,0.33031900000000003,3
chr1:155320000-156040000,0.10008059999999999,2
chr1:156040000-156600000,0.001864281,1
chr1:156600000-156840000,0.0012000000000000001,1
chr1:156880000-157080000,0.13266,2
chr1:157120000-157400000,0.034071399999999995,2
chr1:157400000-158640000,0.1542774,2
chr1:158640000-159040000,0.08451,2
chr1:159040000-159440000,0.09081,2
chr1:159440000-160600000,0.004965509999999999,1
chr1:160600000-161160000,0.003025,1
chr1:161160000-162120000,0.0564729,2
chr1:162120000-162680000,0.1418143,2
chr1:162680000-163120000,0.7272815000000001,3
chr1:163120000-163920000,0.07452,2
chr1:163920000-164680000,0.1375103,2
chr1:164680000-166120000,0.0488,2
chr1:166200000-167160000,0.0608417,2
chr1:167160000-168320000,0.1378103,2
chr1:168320000-169280000,0.0806146,2
chr1:169320000-169840000,0.01273846,1
chr1:169840000-171440000,0.0243675,2
chr1:171440000-171880000,0.02420683,2
chr1:172080000-172800000,0.0742,2
chr1:172800000-173040000,0.28755,3
chr1:173040000-173440000,0.51111,3
chr1:173440000-174320000,0.1321772,2
chr1:174320000-175360000,0.04389229,2
chr1:175360000-176040000,0.007782351,1
chr1:176080000-176400000,0.033862500000000004,2
chr1:176520000-177840000,0.0374091,2
chr1:177840000-178640000,0.0113425,1
chr1:178640000-179680000,0.0738346,2
chr1:179720000-180480000,0.1813739,3
chr1:180480000-181440000,0.04155,2
chr1:181440000-182160000,0.1698,3
chr1:182160000-182760000,0.21924,3
chr1:182760000-183160000,0.6107400000000001,3
chr1:183200000-183800000,0.08819999999999999,2
chr1:183800000-184920000,0.1705176,3
chr1:185320000-186640000,0.01612121,1
chr1:186640000-187360000,0.15494439999999998,2
chr1:187360000-188600000,0.031180689999999997,2
chr1:188600000-189840000,0.02926454,2
chr1:190120000-190800000,0.01274407,1
chr1:190800000-191480000,0.05380298000000001,2
chr1:191480000-192720000,0.1300298,2
chr1:192720000-193960000,0.1776831,3
chr1:193960000-195000000,0.10602700000000001,2
chr1:195000000-197195432,0.021398979999999998,2
chr2:3000000-4760000,0.0829228,2
chr2:4760000-5880000,0.47211459999999994,3
chr2:5880000-6120000,0.10635,2
chr2:6120000-6360000,0.12915,2
chr2:6360000-8600000,0.013644640000000001,1
chr2:8600000-9960000,0.0157235,1
chr2:10000000-10240000,0.0735542,2
chr2:10320000-11240000,0.023204326,2
chr2:11240000-11480000,0.0762,2
chr2:11840000-12320000,0.025725,2
chr2:12360000-13200000,0.039,2
chr2:13200000-14960000,0.051422699999999995,2
chr2:14960000-16280000,0.02097276,2
chr2:16360000-17320000,0.031650000000000005,2
chr2:17320000-17760000,0.002945451,1
chr2:17760000-19320000,0.06846150000000001,2
chr2:19320000-20760000,0.154883,2
chr2:20800000-21200000,0.11367,2
chr2:21200000-21840000,0.0019125,1
chr2:21840000-22760000,0.2725435,3
chr2:22760000-24680000,0.0920437,2
chr2:25040000-25280000,0.5688,3
chr2:25440000-26440000,0.205112,3
chr2:26480000-27320000,0.2960181,3
chr2:27400000-28400000,0.058356000000000005,2
chr2:28440000-28920000,0.14725,2
chr2:28920000-29600000,0.1750585,3
chr2:29760000-29920000,0.6777,3
chr2:29920000-30280000,0.5418,3
chr2:30280000-30680000,0.22653,3
chr2:30840000-31040000,0.31117,3
chr2:31160000-32800000,0.28216090000000005,3
chr2:32800000-33320000,0.30814699999999995,3
chr2:33520000-34640000,0.149175,2
chr2:34680000-35360000,0.16851909999999998,3
chr2:35360000-35800000,0.0769909,2
chr2:35840000-36080000,0.1308,2
chr2:36080000-37240000,0.02405174,2
chr2:37280000-37640000,0.3064,3
chr2:37680000-38840000,0.10806199999999999,2
chr2:39120000-43520000,0.002037275,1
chr2:43520000-47320000,0.01560316,1
chr2:47320000-48760000,0.01760833,1
chr2:48760000-50120000,0.1025647,2
chr2:50160000-52000000,0.0738,2
chr2:52000000-52520000,0.03655388,2
chr2:52600000-53080000,0.33525,3
chr2:53080000-54920000,0.006593470000000001,1
chr2:54920000-55920000,0.019836,1
chr2:55920000-57840000,0.029400000000000003,2
chr2:57880000-58520000,0.0394313,2
chr2:58520000-59320000,0.11826,2
chr2:59320000-60280000,0.1743745,3
chr2:60280000-61400000,0.08884283999999999,2
chr2:61440000-62520000,0.06633330000000001,2
chr2:62520000-63240000,0.00525,1
chr2:63280000-64800000,0.01537108,1
chr2:65200000-66560000,0.0264971,2
chr2:66640000-68600000,0.01642041,1
chr2:68600000-69360000,0.1253579,2
chr2:69720000-70480000,0.086779,2
chr2:70480000-70960000,0.276525,3
chr2:70960000-71200000,0.30870000000000003,3
chr2:71240000-71800000,0.2334859,3
chr2:71880000-73320000,0.48735,3
chr2:73400000-73760000,0.288933,3
chr2:73760000-74520000,0.02482103,2
chr2:74520000-75440000,0.02116961,2
chr2:75440000-76520000,0.1765,3
chr2:76720000-77800000,0.058166699999999995,2
chr2:77840000-79680000,0.02324346,2
chr2:79680000-80160000,0.0138,1
chr2:80160000-80520000,0.2046,3
chr2:80520000-83440000,0.0030821900000000003,1
chr2:83480000-83800000,0.178875,3
chr2:83840000-84720000,0.229827,3
chr2:84920000-85440000,0.0045,1
chr2:85440000-87280000,0.00135,1
chr2:87320000-88160000,0.001457141,1
chr2:88160000-90520000,0.03993562999999999,2
chr2:90520000-91560000,0.3761305,3
chr2:91560000-91800000,0.30315,3
chr2:91800000-92320000,0.1909385,3
chr2:92320000-92720000,0.01899,1
chr2:92720000-94280000,0.1167462,2
chr2:94280000-96320000,0.001288235,1
chr2:96400000-97240000,0.0006,1
chr2:97280000-99080000,0.00514,1
chr2:99240000-101440000,0.001865452,1
chr2:101480000-102920000,0.1090069,2
chr2:102920000-103280000,0.01067222,1
chr2:103280000-103880000,0.243,3
chr2:103880000-104680000,0.20110499999999998,3
chr2:104680000-105080000,0.15506999999999999,2
chr2:105080000-106040000,0.058875,2
chr2:106120000-107760000,0.026143879999999998,2
chr2:107800000-109720000,0.0261937,2
chr2:109720000-110880000,0.09934140000000001,2
chr2:110920000-112320000,0.054154299999999995,2
chr2:112320000-114000000,0.060642900000000007,2
chr2:114000000-116000000,0.04446,2
chr2:116000000-116680000,0.0019058780000000002,1
chr2:116680000-117320000,0.1439437,2
chr2:117320000-118840000,0.0808105,2
chr2:118840000-119360000,0.308977,3
chr2:119480000-121320000,0.22110639999999998,3
chr2:121360000-122200000,0.18784269999999997,3
chr2:122200000-125080000,0.0684736,2
chr2:125080000-126400000,0.114603,2
chr2:126400000-127080000,0.333528,3
chr2:127600000-130120000,0.1794596,3
chr2:130880000-131360000,0.179775,3
chr2:131360000-132080000,0.09675,2
chr2:132120000-132760000,0.1200375,2
chr2:132760000-134360000,0.0042074999999999994,1
chr2:134360000-135160000,0.019575,1
chr2:135160000-135960000,0.0549,2
chr2:135960000-137800000,0.02525867,2
chr2:137800000-139200000,0.00792,1
chr2:139200000-140280000,0.08689999999999999,2
chr2:140280000-142920000,0.01671817,1
chr2:142920000-144400000,0.1970272,3
chr2:144440000-145480000,0.016788446000000002,1
chr2:145480000-146240000,0.09487499999999999,2
chr2:146440000-147160000,0.06925,2
chr2:147200000-147640000,0.001145454,1
chr2:147640000-148520000,0.028677300000000003,2
chr2:149000000-151680000,0.08284029999999999,2
chr2:151840000-152240000,0.35208,3
chr2:152440000-152680000,0.37065000000000003,3
chr2:152720000-154440000,0.2043579,3
chr2:154480000-155280000,0.251865,3
chr2:155280000-156000000,0.35704600000000003,3
chr2:156000000-156560000,0.21304690000000004,3
chr2:156680000-157400000,0.29955,3
chr2:157440000-158200000,0.15394739999999998,2
chr2:158680000-160760000,0.0433038,2
chr2:160880000-162720000,0.0381081,2
chr2:162720000-163240000,0.22043079999999998,3
chr2:163320000-164600000,0.1600031,3
chr2:164760000-165600000,0.08245709999999999,2
chr2:165600000-167320000,0.316067,3
chr2:167520000-167880000,0.07150000000000001,2
chr2:167920000-168800000,0.2349815,3
chr2:168840000-170240000,0.059039999999999995,2
chr2:170320000-172200000,0.034482399999999996,2
chr2:172280000-172640000,0.046700000000000005,2
chr2:172920000-175040000,0.1014453,2
chr2:176840000-179840000,0.037812,2
chr2:180000000-181748087,0.333984,3
chr3:3000000-6320000,0.31337392999999997,3
chr3:6320000-7040000,0.00405,1
chr3:7320000-8560000,0.058180699999999995,2
chr3:8600000-9720000,0.07373030000000001,2
chr3:9720000-10360000,0.060646900000000004,2
chr3:10360000-13880000,0.00852955,1
chr3:13880000-15280000,0.0438943,2
chr3:15280000-16080000,0.00135,1
chr3:16080000-17800000,0.025827899999999997,2
chr3:17800000-19120000,0.042,2
chr3:19120000-19800000,0.1716353,3
chr3:19800000-20440000,0.051862599999999995,2
chr3:20440000-22200000,0.04297496,2
chr3:22200000-24160000,0.000771428,1
chr3:24360000-25520000,0.00729311,1
chr3:26080000-26880000,0.0014399999999999999,1
chr3:26960000-28880000,0.08868749999999999,2
chr3:28920000-29640000,0.00065,1
chr3:29640000-30440000,0.044730000000000006,2
chr3:30480000-30880000,0.16803,3
chr3:31040000-31560000,0.00422307,1
chr3:31600000-32240000,0.042187550000000004,2
chr3:32240000-32600000,0.20650000000000002,3
chr3:32600000-33680000,0.0485333,2
chr3:33680000-35520000,0.07923909999999999,2
chr3:35560000-36440000,0.1167137,2
chr3:36480000-37200000,0.0378,2
chr3:37320000-38120000,0.11241,2
chr3:38120000-40400000,0.0082579,1
chr3:40440000-41560000,0.3498411,3
chr3:41560000-45160000,0.00098,1
chr3:45160000-46920000,0.001677272,1
chr3:47200000-48680000,0.000948648,1
chr3:48720000-49920000,0.00468,1
chr3:50120000-51000000,0.00585,1
chr3:51000000-52040000,0.1941928,3
chr3:52040000-52800000,0.06418420000000001,2
chr3:52840000-53320000,0.143025,2
chr3:53320000-54520000,0.0345,2
chr3:54560000-57040000,0.025983899999999997,2
chr3:57240000-58280000,0.0857423,2
chr3:58880000-60440000,0.0481616,2
chr3:60520000-62280000,0.0352022,2
chr3:62320000-63720000,0.029545699999999998,2
chr3:63760000-64680000,0.05399998,2
chr3:64680000-65800000,0.1205679,2
chr3:65800000-67200000,0.02445424,2
chr3:67200000-67840000,0.04505625,2
chr3:67880000-68760000,0.0878727,2
chr3:68880000-69760000,0.10055449999999999,2
chr3:69760000-72880000,0.002469228,1
chr3:72880000-75000000,0.001986795,1
chr3:75000000-75720000,0.090225,2
chr3:75800000-78720000,0.00109726,1
chr3:78760000-79640000,0.0949091,2
chr3:79640000-81760000,0.01412835,1
chr3:81800000-82680000,0.011086370000000002,1
chr3:82920000-83560000,0.0045000000000000005,1
chr3:83560000-84120000,0.1234931,2
chr3:84120000-85960000,0.10627819999999999,2
chr3:85960000-86800000,0.06004280000000001,2
chr3:86840000-87680000,0.0827571,2
chr3:87680000-89040000,0.50257,3
chr3:89240000-90320000,0.401034,3
chr3:90320000-91920000,0.0118125,1
chr3:91920000-92880000,0.002925,1
chr3:92880000-93320000,0.10530003999999998,2
chr3:93440000-94640000,0.06497249999999999,2
chr3:94840000-96280000,0.7017,3
chr3:96320000-96520000,0.44874,3
chr3:96520000-97440000,0.0892565,2
chr3:97480000-99920000,0.0458558,2
chr3:99920000-101120000,0.08775,2
chr3:101120000-101640000,0.0753231,2
chr3:101680000-103200000,0.1412293,2
chr3:103200000-104880000,0.1371428,2
chr3:104880000-105760000,0.0803455,2
chr3:105760000-107000000,0.0587613,2
chr3:107080000-107360000,0.18501469999999998,3
chr3:107400000-108720000,0.2401208,3
chr3:108760000-110960000,0.01297636,1
chr3:110960000-112960000,0.001422,1
chr3:113280000-115360000,0.01933272,1
chr3:115360000-116600000,0.1278581,2
chr3:116600000-117200000,0.01746,1
chr3:117440000-120840000,0.014749440000000003,1
chr3:120920000-121480000,0.14830759999999998,2
chr3:121520000-121880000,0.0432,2
chr3:121960000-123080000,0.2074823,3
chr3:123200000-124000000,0.12312,2
chr3:124000000-126680000,0.02181493,2
chr3:127280000-128920000,0.0399804,2
chr3:128920000-129480000,0.19200029999999998,3
chr3:129520000-130400000,0.0721466,2
chr3:130400000-130960000,0.20175510000000002,3
chr3:130960000-132360000,0.0351257,2
chr3:132360000-134320000,0.0433837,2
chr3:134320000-134880000,0.00771429,1
chr3:134920000-135400000,0.284775,3
chr3:135480000-137440000,0.02990207,2
chr3:137440000-137840000,0.17576999999999998,3
chr3:137840000-138120000,0.0646715,2
chr3:138160000-138880000,0.1869,3
chr3:138920000-141520000,0.00286615,1
chr3:141520000-142120000,0.06066,2
chr3:142160000-142400000,0.0717,2
chr3:142440000-144080000,0.03922679,2
chr3:144080000-144880000,0.14094,2
chr3:145040000-145600000,0.1199464,2
chr3:145600000-146640000,0.098625,2
chr3:146640000-149200000,0.052031259999999996,2
chr3:150040000-151760000,0.00232326,1
chr3:151760000-153560000,0.12888000000000002,2
chr3:153600000-154240000,0.017831299999999998,1
chr3:154240000-156240000,0.01215,1
chr3:156320000-157200000,0.0155864,1
chr3:157200000-157760000,0.1954924,3
chr3:157760000-159599783,0.01446039,1
chr4:3000000-3760000,0.1287184,2
chr4:3760000-4640000,0.0704295,2
chr4:4680000-6360000,0.0400286,2
chr4:6440000-8320000,0.0046723400000000005,1
chr4:8320000-9040000,0.16685,3
chr4:9040000-9520000,0.029849999999999998,2
chr4:9720000-10800000,0.00413333,1
chr4:10800000-11440000,0.384637,3
chr4:11520000-12040000,0.0742846,2
chr4:12080000-14400000,0.00969828,1
chr4:14440000-15240000,0.06903,2
chr4:15280000-15880000,0.0087,1
chr4:15880000-17360000,0.01875405,1
chr4:17800000-19480000,0.0084,1
chr4:19480000-19880000,0.08226,2
chr4:19960000-21320000,0.01177941,1
chr4:21440000-22400000,0.1262625,2
chr4:22400000-24640000,0.02863929,2
chr4:24640000-24840000,0.0405,2
chr4:24880000-26520000,0.02838297,2
chr4:26640000-28720000,0.0016269239999999999,1
chr4:28760000-29280000,0.02457692,2
chr4:29440000-32040000,0.001952311,1
chr4:32040000-32640000,0.0987,2
chr4:32680000-33400000,0.27,3
chr4:33440000-34520000,0.0794,2
chr4:34520000-34880000,0.3028,3
chr4:34880000-35200000,0.0628875,2
chr4:35240000-37360000,0.001086793,1
chr4:37480000-40040000,0.001631253,1
chr4:40080000-40640000,0.13866610000000001,2
chr4:40680000-41720000,0.35785500000000003,3
chr4:42840000-43520000,0.1641706,3
chr4:43560000-45000000,0.163775,3
chr4:45000000-46520000,0.18853219999999998,3
chr4:46680000-47080000,0.01827,1
chr4:47080000-48680000,0.09762559999999999,2
chr4:48720000-49640000,0.028565180000000003,2
chr4:49680000-50720000,0.002007692,1
chr4:50840000-53000000,0.01788337,1
chr4:53040000-53680000,0.0542812,2
chr4:53720000-55320000,0.07649999999999998,2
chr4:55360000-56760000,0.0485229,2
chr4:56840000-57960000,0.1439356,2
chr4:58400000-59000000,0.08856,2
chr4:59080000-61200000,0.0514528,2
chr4:61440000-62800000,0.11686759999999999,2
chr4:62800000-64160000,0.0433589,2
chr4:64200000-65280000,0.01033334,1
chr4:65280000-66160000,0.0117,1
chr4:66160000-67080000,0.00594783,1
chr4:67560000-68640000,0.0029333329999999998,1
chr4:68640000-70080000,0.0366,2
chr4:70280000-73280000,0.009012,1
chr4:73320000-76640000,0.034048209999999995,2
chr4:76680000-77240000,0.001542857,1
chr4:77280000-80440000,0.003577212,1
chr4:80480000-83200000,0.0707294,2
chr4:83240000-84760000,0.03808418,2
chr4:84760000-86480000,0.0597558,2
chr4:86560000-88400000,0.0455478,2
chr4:88440000-89200000,0.1115053,2
chr4:89200000-93720000,0.00877699,1
chr4:93760000-94240000,0.069825,2
chr4:94240000-94600000,0.126,2
chr4:94640000-95640000,0.074337,2
chr4:95680000-96360000,0.0249353,2
chr4:96360000-98400000,0.049147050000000005,2
chr4:98400000-98600000,0.26439,3
chr4:98600000-98880000,0.1329642,2
chr4:98920000-99600000,0.0573882,2
chr4:99600000-100240000,0.034875,2
chr4:100240000-101000000,0.07692639999999999,2
chr4:101000000-101760000,0.0570315,2
chr4:101840000-102880000,0.0642808,2
chr4:102960000-104600000,0.035100030000000004,2
chr4:104680000-106120000,0.059375000000000004,2
chr4:106240000-107400000,0.2630796,3
chr4:107560000-108000000,0.1529386,2
chr4:108000000-108320000,0.369872,3
chr4:108320000-108840000,0.2390536,3
chr4:109120000-109680000,0.17736429999999997,3
chr4:109680000-112480000,0.010748569999999999,1
chr4:112480000-115720000,0.029055570000000003,2
chr4:115760000-116280000,0.326152,3
chr4:116360000-116840000,0.480525,3
chr4:116880000-117480000,0.14544,2
chr4:117480000-118240000,0.2672052,3
chr4:118280000-118920000,0.21588780000000002,3
chr4:119040000-119840000,0.062955,2
chr4:119880000-120600000,0.15045,2
chr4:120640000-122560000,0.048967199999999995,2
chr4:122560000-123400000,0.315483,3
chr4:123600000-124400000,0.113535,2
chr4:124600000-124760000,0.43330599999999997,3
chr4:124800000-125760000,0.047775,2
chr4:125880000-126720000,0.33296800000000004,3
chr4:126720000-127040000,0.1537594,2
chr4:127040000-128600000,0.031223099999999997,2
chr4:128600000-128800000,0.29628,3
chr4:128840000-129200000,0.448233,3
chr4:129280000-131440000,0.20372069999999998,3
chr4:131440000-131760000,0.211922,3
chr4:131920000-133120000,0.33894,3
chr4:133120000-133480000,0.6267,3
chr4:133520000-134960000,0.25188089999999996,3
chr4:135040000-135360000,0.058387499999999995,2
chr4:135600000-136200000,0.313253,3
chr4:136200000-136920000,0.11149999999999999,2
chr4:137000000-137240000,0.47400000000000003,3
chr4:137240000-137840000,0.22896,3
chr4:138000000-138440000,0.0301091,2
chr4:138600000-139200000,0.3435,3
chr4:139440000-140640000,0.09093,2
chr4:140680000-141360000,0.34978200000000004,3
chr4:141440000-142960000,0.07190529999999999,2
chr4:143000000-144360000,0.010482350000000001,1
chr4:144480000-145000000,0.07037689999999999,2
chr4:145000000-145480000,0.0564,2
chr4:145640000-147200000,0.0725769,2
chr4:147200000-148440000,0.2420715,3
chr4:148480000-149000000,0.3158996,3
chr4:149120000-149520000,0.16398000000000001,3
chr4:149520000-150280000,0.35531009999999996,3
chr4:150520000-151360000,0.0811714,2
chr4:151520000-153360000,0.059243500000000004,2
chr4:153400000-154200000,0.038610000000000005,2
chr4:154240000-155630120,0.40614300000000003,3
chr5:3000000-4120000,0.17016440000000002,3
chr5:4200000-4960000,0.01986445,1
chr5:4960000-5480000,0.0830769,2
chr5:5480000-5760000,0.17022839999999997,3
chr5:5760000-8000000,0.002185713,1
chr5:8440000-9440000,0.111204,2
chr5:9440000-10880000,0.0018249999999999998,1
chr5:11920000-14280000,0.049545729999999996,2
chr5:14360000-14920000,0.00340714,1
chr5:14920000-15200000,0.00604285,1
chr5:15200000-16400000,0.02856,2
chr5:16400000-17320000,0.5229784,3
chr5:17560000-17960000,0.02979,2
chr5:17960000-18920000,0.0081,1
chr5:18920000-20400000,0.045218999999999995,2
chr5:20480000-21280000,0.12018500000000001,2
chr5:21280000-23200000,0.1044417,2
chr5:23360000-24120000,0.2497737,3
chr5:24160000-26400000,0.062132099999999996,2
chr5:26440000-27400000,0.0404625,2
chr5:27400000-28000000,0.026099999999999998,2
chr5:28000000-28760000,0.1484526,2
chr5:28760000-29680000,0.02864343,2
chr5:29880000-31360000,0.241224,3
chr5:31480000-34000000,0.2127573,3
chr5:34000000-35880000,0.1860705,3
chr5:35880000-37560000,0.10684289999999999,2
chr5:37640000-38600000,0.0532542,2
chr5:38640000-39040000,0.10250999999999999,2
chr5:39160000-41400000,0.001928571,1
chr5:41440000-42200000,0.02467897,2
chr5:42240000-44040000,0.00448,1
chr5:44040000-44680000,0.1433248,2
chr5:44680000-45840000,0.009620690000000001,1
chr5:45840000-46800000,0.0806625,2
chr5:46800000-48760000,0.009881629999999999,1
chr5:48800000-49400000,0.00606,1
chr5:49720000-51120000,0.01712574,1
chr5:51120000-52480000,0.0019852909999999997,1
chr5:52480000-53240000,0.17587940000000002,3
chr5:53280000-54080000,0.135675,2
chr5:54080000-54520000,0.07396365,2
chr5:54520000-58080000,0.000778652,1
chr5:58120000-59120000,0.004212,1
chr5:59880000-60560000,0.004552943,1
chr5:61000000-62920000,0.00219375,1
chr5:63280000-64200000,0.001408695,1
chr5:64280000-65720000,0.12961250000000002,2
chr5:65800000-66360000,0.323164,3
chr5:66360000-67080000,0.1229111,2
chr5:67080000-67680000,0.040906700000000004,2
chr5:67880000-68440000,0.03535711,2
chr5:68480000-69960000,0.00719121,1
chr5:70000000-71880000,0.001627664,1
chr5:71880000-72560000,0.019323559999999997,1
chr5:72560000-73280000,0.0562,2
chr5:73280000-73800000,0.1912846,3
chr5:73840000-74680000,0.1328996,2
chr5:74720000-75560000,0.0917762,2
chr5:75560000-76240000,0.019564689999999996,1
chr5:76240000-77720000,0.1547509,2
chr5:77760000-81000000,0.00568889,1
chr5:81440000-83920000,0.013674190000000001,1
chr5:83960000-86440000,0.0028016100000000004,1
chr5:86440000-87240000,0.072045,2
chr5:87240000-87960000,0.04635,2
chr5:88080000-88920000,0.00587143,1
chr5:88960000-89840000,0.11597719999999999,2
chr5:90200000-91360000,0.10127499999999999,2
chr5:91360000-91800000,0.0430932,2
chr5:91840000-93080000,0.1597642,3
chr5:93120000-94200000,0.1421337,2
chr5:95880000-98640000,0.0416609,2
chr5:98760000-99600000,0.01165714,1
chr5:99600000-100360000,0.00819473,1
chr5:100360000-100960000,0.4401133,3
chr5:101240000-102520000,0.05735075,2
chr5:102520000-103760000,0.013761289999999999,1
chr5:103760000-104280000,0.09796149999999999,2
chr5:104360000-105800000,0.06615,2
chr5:105800000-106320000,0.2114462,3
chr5:106320000-107240000,0.12098259999999998,2
chr5:107280000-108360000,0.16056669999999998,3
chr5:108360000-109160000,0.271395,3
chr5:109240000-109960000,0.0068000000000000005,1
chr5:109960000-110720000,0.2077577,3
chr5:110720000-111800000,0.193395,3
chr5:111840000-112640000,0.021330000000000002,2
chr5:112840000-113520000,0.01683531,1
chr5:113680000-114280000,0.13008,2
chr5:114640000-115960000,0.316554,3
chr5:116080000-117920000,0.1247489,2
chr5:117960000-118440000,0.02775,2
chr5:118600000-119200000,0.159722,3
chr5:119200000-120920000,0.0246343,2
chr5:120920000-121560000,0.08572489999999999,2
chr5:121640000-122560000,0.371935,3
chr5:122560000-123240000,0.36719999999999997,3
chr5:123680000-125040000,0.308991,3
chr5:125040000-125960000,0.2566955,3
chr5:125960000-127680000,0.01019303,1
chr5:128040000-129480000,0.050425,2
chr5:129520000-130760000,0.2785062,3
chr5:130760000-131920000,0.02848962,2
chr5:131920000-132560000,0.034312499999999996,2
chr5:132560000-134640000,0.01974804,1
chr5:134640000-135840000,0.30285,3
chr5:135840000-136360000,0.250893,3
chr5:136360000-137400000,0.2377382,3
chr5:137600000-138200000,0.2673,3
chr5:138200000-138640000,0.338727,3
chr5:138640000-139160000,0.11159999999999999,2
chr5:139320000-140240000,0.12830319999999998,2
chr5:140240000-141200000,0.2237675,3
chr5:141200000-142920000,0.029951199999999997,2
chr5:142960000-143640000,0.17475849999999998,3
chr5:143640000-144080000,0.3521452,3
chr5:144080000-145000000,0.2212827,3
chr5:145000000-145920000,0.16532609999999998,3
chr5:145920000-147480000,0.7311918999999999,3
chr5:147480000-148160000,0.21811719999999998,3
chr5:148160000-148760000,0.16752,3
chr5:148760000-149120000,0.0212222,2
chr5:149120000-150400000,0.12315309999999999,2
chr5:150480000-151240000,0.02643155,2
chr5:151440000-152537259,0.1000338,2
chr6:3040000-5520000,0.8063851,3
chr6:5520000-6880000,0.036052970000000004,2
chr6:6920000-7640000,0.0227,2
chr6:7640000-8840000,0.0456,2
chr6:8880000-11760000,0.00105,1
chr6:11840000-12240000,0.10656,2
chr6:12240000-13200000,0.023925,2
chr6:13200000-14520000,0.041072700000000004,2
chr6:14760000-16960000,0.0065291,1
chr6:16960000-17800000,0.0895714,2
chr6:18000000-18800000,0.01809,1
chr6:18800000-21680000,0.0057,1
chr6:21680000-22040000,0.0484,2
chr6:22040000-22480000,0.051627250000000006,2
chr6:22480000-23440000,0.0060750000000000005,1
chr6:23440000-24440000,0.005688,1
chr6:24440000-25760000,0.04628177,2
chr6:25760000-27600000,0.002230438,1
chr6:27600000-28360000,0.020273730000000004,1
chr6:28360000-29120000,0.19999240000000001,3
chr6:29120000-30360000,0.24247599999999997,3
chr6:30360000-31440000,0.18530000000000002,3
chr6:31440000-34440000,0.105408,2
chr6:34440000-35120000,0.1577647,2
chr6:35200000-37000000,0.0268,2
chr6:37000000-37360000,0.1176,2
chr6:37400000-38320000,0.11308689999999999,2
chr6:38480000-39520000,0.346137,3
chr6:39520000-39760000,0.248992,3
chr6:39760000-40680000,0.0676783,2
chr6:40800000-41520000,0.00185,1
chr6:41560000-42880000,0.0487909,2
chr6:43280000-45000000,0.0186698,1
chr6:45200000-47160000,0.011791840000000001,1
chr6:47160000-47640000,0.203175,3
chr6:47720000-49360000,0.2253078,3
chr6:49360000-50560000,0.05238,2
chr6:50560000-51120000,0.00700714,1
chr6:51120000-52200000,0.2915667,3
chr6:52200000-52960000,0.0724737,2
chr6:52960000-53720000,0.023115780000000002,2
chr6:53720000-54320000,0.02136,2
chr6:54520000-55160000,0.19186930000000002,3
chr6:55160000-55960000,0.011745,1
chr6:56000000-56680000,0.01990584,1
chr6:56720000-59160000,0.0714672,2
chr6:59160000-59440000,0.01505713,1
chr6:59440000-61280000,0.00759131,1
chr6:61280000-61880000,0.00414,1
chr6:61920000-64600000,0.001705975,1
chr6:64600000-65440000,0.07585710999999999,2
chr6:65440000-66520000,0.07360003,2
chr6:66760000-67120000,0.12081110000000002,2
chr6:67120000-67800000,0.2144061,3
chr6:67800000-69760000,0.00345306,1
chr6:69760000-70760000,0.009,1
chr6:70760000-71800000,0.1617529,3
chr6:71880000-72320000,0.1932545,3
chr6:72360000-73200000,0.2878287,3
chr6:73240000-75680000,0.001460656,1
chr6:76240000-77560000,0.00439091,1
chr6:77560000-78480000,0.00688695,1
chr6:78480000-81880000,0.0022023489999999997,1
chr6:81880000-82960000,0.08056660000000002,2
chr6:83000000-83280000,0.389246,3
chr6:83280000-83640000,0.1794528,3
chr6:83720000-85400000,0.1206048,2
chr6:85520000-86360000,0.1237905,2
chr6:86360000-86960000,0.245927,3
chr6:87000000-87680000,0.04769999999999999,2
chr6:87800000-88040000,0.411354,3
chr6:88080000-88480000,0.2034,3
chr6:88480000-88840000,0.09516110000000001,2
chr6:88840000-89600000,0.0878395,2
chr6:89600000-90600000,0.047484,2
chr6:90680000-91400000,0.09664999999999999,2
chr6:91440000-92120000,0.19287040000000003,3
chr6:92160000-92680000,0.03842308999999999,2
chr6:92680000-94440000,0.06823633,2
chr6:94480000-95000000,0.0531,2
chr6:95000000-97120000,0.04571326,2
chr6:97120000-98000000,0.1065682,2
chr6:98040000-99600000,0.0386077,2
chr6:99600000-100840000,0.08956449999999999,2
chr6:100840000-101560000,0.038149999999999996,2
chr6:101600000-103240000,0.00671707,1
chr6:103240000-103680000,0.0018,1
chr6:103680000-106600000,0.001479452,1
chr6:106720000-108040000,0.01999163,1
chr6:108040000-108360000,0.159437,3
chr6:108360000-108720000,0.0934778,2
chr6:108800000-110720000,0.00766875,1
chr6:110840000-112440000,0.002925,1
chr6:112440000-113000000,0.12831459999999997,2
chr6:113000000-113360000,0.6124,3
chr6:113360000-113680000,0.439257,3
chr6:113680000-114440000,0.026881600000000002,2
chr6:114560000-115760000,0.16485,3
chr6:115800000-116560000,0.1285579,2
chr6:116600000-118360000,0.1063585,2
chr6:118400000-119400000,0.058427999999999994,2
chr6:119400000-120440000,0.2850578,3
chr6:120440000-120760000,0.263813,3
chr6:120760000-121160000,0.22968,3
chr6:121160000-122600000,0.16499999999999998,3
chr6:122600000-124720000,0.1400604,2
chr6:124760000-125200000,0.828359,3
chr6:125200000-126480000,0.03555,2
chr6:126720000-127080000,0.1195944,2
chr6:127080000-127400000,0.026218700000000005,2
chr6:127400000-128440000,0.17207270000000002,3
chr6:128480000-129320000,0.0270429,2
chr6:129520000-131400000,0.019168096,1
chr6:131400000-133200000,0.00878,1
chr6:133240000-133840000,0.00414,1
chr6:133840000-134360000,0.1348615,2
chr6:134360000-134600000,0.21585,3
chr6:134600000-134920000,0.26527399999999995,3
chr6:134920000-136360000,0.031525,2
chr6:136360000-136960000,0.24828,3
chr6:136960000-137720000,0.0855474,2
chr6:137720000-139480000,0.0045818199999999995,1
chr6:139520000-140640000,0.08334643,2
chr6:140640000-141400000,0.00326843,1
chr6:141400000-143160000,0.0705887,2
chr6:143160000-144960000,0.0124022,1
chr6:144960000-146480000,0.07031570000000001,2
chr6:146560000-148160000,0.083015,2
chr6:148160000-149080000,0.1932048,3
chr6:149080000-149517037,0.2540383,3
chr7:3040000-4480000,0.3424,3
chr7:4480000-5000000,0.486347,3
chr7:5000000-7280000,0.0888316,2
chr7:10720000-11400000,0.006670586000000001,1
chr7:11600000-13000000,0.001928567,1
chr7:13000000-13640000,0.395709,3
chr7:13640000-15400000,0.02528519,2
chr7:15400000-15680000,0.000385714,1
chr7:16240000-16480000,0.0015,1
chr7:16480000-17520000,0.379662,3
chr7:17520000-18800000,0.023906219999999995,2
chr7:18800000-19720000,0.09289570000000001,2
chr7:19720000-20680000,0.3633,3
chr7:24240000-24640000,0.00135,1
chr7:24640000-25160000,0.1339615,2
chr7:25160000-25800000,0.2932878,3
chr7:25800000-26160000,0.358,3
chr7:26160000-26480000,0.168187,3
chr7:26480000-28040000,0.0968769,2
chr7:28040000-29120000,0.346366,3
chr7:29120000-29520000,0.405,3
chr7:29520000-29760000,0.800983,3
chr7:29760000-30040000,0.355642,3
chr7:30040000-30320000,0.24261470000000002,3
chr7:30320000-31080000,0.34095800000000004,3
chr7:31080000-32440000,0.16385290000000002,3
chr7:33000000-34920000,0.008560420000000001,1
chr7:34920000-35560000,0.24375650000000001,3
chr7:35560000-36440000,0.18175950000000002,3
chr7:36440000-39320000,0.048924999999999996,2
chr7:46680000-49880000,0.0417488,2
chr7:49880000-50760000,0.080059,2
chr7:50760000-51960000,0.15261,2
chr7:51960000-52280000,0.711759,3
chr7:52280000-52720000,0.8789929999999999,3
chr7:52720000-52960000,0.45285,3
chr7:52960000-53880000,0.2003085,3
chr7:53880000-54440000,0.2384996,3
chr7:54440000-56000000,0.00281538,1
chr7:56000000-56720000,0.14215,2
chr7:56720000-57120000,0.22616999999999998,3
chr7:57120000-58800000,0.00525,1
chr7:58800000-59240000,0.0577637,2
chr7:59240000-62040000,0.00268714,1
chr7:62040000-63040000,0.002124,1
chr7:63040000-64120000,0.1043666,2
chr7:64120000-64760000,0.00838125,1
chr7:64760000-65120000,0.055,2
chr7:65120000-66960000,0.04435431,2
chr7:67040000-69600000,0.02749215,2
chr7:69600000-70000000,0.00396,1
chr7:70000000-70480000,0.0225,2
chr7:70480000-70880000,0.023489999999999997,2
chr7:70880000-71920000,0.1107346,2
chr7:71920000-72360000,0.0225,2
chr7:72360000-72840000,0.09480000000000001,2
chr7:72840000-73240000,0.11214,2
chr7:73240000-73840000,0.0789,2
chr7:73840000-74360000,0.016684590000000003,1
chr7:74360000-74800000,0.1208364,2
chr7:74800000-75520000,0.130556,2
chr7:75520000-77480000,0.002644897,1
chr7:77480000-79520000,0.01364118,1
chr7:79520000-80560000,0.01246154,1
chr7:80560000-81520000,0.22470050000000003,3
chr7:81520000-82280000,0.010136840000000001,1
chr7:82280000-82520000,0.00345,1
chr7:82520000-83040000,0.1359691,2
chr7:83040000-84120000,0.0009,1
chr7:84120000-86040000,0.01740005,1
chr7:86040000-86240000,0.25002,3
chr7:86240000-86520000,0.1180285,2
chr7:86520000-87120000,0.18672,3
chr7:87120000-87480000,0.40379999999999994,3
chr7:87480000-88000000,0.2234079,3
chr7:88000000-88320000,0.23670000000000002,3
chr7:88320000-88480000,0.07625,2
chr7:88480000-88920000,0.2147003,3
chr7:88920000-89520000,0.08615999999999999,2
chr7:89520000-91040000,0.0488842,2
chr7:91040000-91600000,0.0828642,2
chr7:91600000-91880000,0.10697140000000001,2
chr7:91880000-94240000,0.00381356,1
chr7:94240000-94720000,0.02025,1
chr7:94720000-95720000,0.004248,1
chr7:95720000-96280000,0.0013499957,1
chr7:96280000-96600000,0.0831375,2
chr7:96600000-97080000,0.030525,2
chr7:97080000-97600000,0.2047388,3
chr7:97600000-98600000,0.023748,2
chr7:98600000-99200000,0.00258,1
chr7:99200000-99720000,0.01779235,1
chr7:99720000-100240000,0.2911158,3
chr7:100240000-101480000,0.0012774190000000001,1
chr7:101480000-102280000,0.000675,1
chr7:102280000-104120000,0.02813313,2
chr7:104120000-104480000,0.061608300000000005,2
chr7:104480000-105600000,0.1641536,3
chr7:105600000-106600000,0.12237100000000001,2
chr7:106600000-107160000,0.2516661,3
chr7:107160000-107640000,0.13455,2
chr7:107640000-108040000,0.29727000000000003,3
chr7:108040000-109400000,0.22992400000000002,3
chr7:109400000-109600000,0.1188,2
chr7:109680000-111120000,0.0045000000000000005,1
chr7:111120000-112280000,0.02380347,2
chr7:112280000-113000000,0.1452,2
chr7:113480000-114960000,0.0432243,2
chr7:114960000-116200000,0.021861319999999997,2
chr7:116200000-116640000,0.00875455,1
chr7:116640000-117080000,0.35783,3
chr7:117080000-118240000,0.275727,3
chr7:118240000-119160000,0.01933048,1
chr7:119160000-119520000,0.1237,2
chr7:119520000-120040000,0.2535926,3
chr7:120040000-120520000,0.10935,2
chr7:120520000-120880000,0.044700000000000004,2
chr7:120880000-121400000,0.1465617,2
chr7:121400000-122000000,0.0444,2
chr7:122000000-123480000,0.089027,2
chr7:123480000-123760000,0.1306285,2
chr7:123760000-125240000,0.00885608,1
chr7:125240000-125680000,0.32898400000000005,3
chr7:125680000-125880000,0.09323999999999999,2
chr7:125880000-126800000,0.050595600000000004,2
chr7:126800000-127240000,0.1238727,2
chr7:127240000-128080000,0.1062,2
chr7:128080000-128840000,0.09284210000000001,2
chr7:128840000-129200000,0.1255,2
chr7:129200000-130120000,0.1124608,2
chr7:130120000-130640000,0.2547693,3
chr7:130640000-132840000,0.030043599999999997,2
chr7:132840000-133320000,0.15,2
chr7:133320000-134400000,0.44645700000000005,3
chr7:134400000-135160000,0.6470659999999999,3
chr7:135160000-135880000,0.13674999999999998,2
chr7:135880000-136720000,0.024300000000000002,2
chr7:136720000-137640000,0.043708699999999996,2
chr7:137640000-138080000,0.7674548999999999,3
chr7:138080000-139120000,0.0731769,2
chr7:139120000-139400000,0.0045,1
chr7:139400000-139800000,0.11177999999999999,2
chr7:139800000-140160000,0.148,2
chr7:140160000-140880000,0.38695,3
chr7:140960000-142120000,0.037986229999999996,2
chr7:142120000-142920000,0.0747,2
chr7:142920000-144600000,0.02974286,2
chr7:144600000-146240000,0.064822,2
chr7:146240000-146800000,0.07740000000000001,2
chr7:146800000-148080000,0.1022883,2
chr7:148080000-148640000,0.46987,3
chr7:148640000-149480000,0.1641,3
chr7:149480000-149920000,0.0682364,2
chr7:149920000-150280000,0.1254,2
chr7:150280000-150720000,0.1404003,2
chr7:150720000-151000000,0.215229,3
chr7:151000000-152524553,0.0883852,2
chr8:3080000-4680000,0.317183,3
chr8:4840000-6040000,0.00288,1
chr8:6520000-9200000,0.028208959999999998,2
chr8:9200000-9960000,0.0054,1
chr8:10000000-11440000,0.0512,2
chr8:11440000-13320000,0.16492980000000002,3
chr8:13320000-13760000,0.20225500000000002,3
chr8:13880000-15120000,0.062239499999999996,2
chr8:15120000-16120000,0.041472,2
chr8:17520000-19600000,0.052632700000000004,2
chr8:19600000-22040000,0.013042630000000001,1
chr8:22040000-24280000,0.1076464,2
chr8:24280000-26360000,0.0700269,2
chr8:26360000-26840000,0.20955000000000001,3
chr8:26920000-27280000,0.4099222,3
chr8:27280000-28400000,0.1335214,2
chr8:28400000-32280000,0.017148689999999998,1
chr8:32280000-34840000,0.0515918,2
chr8:34880000-35080000,1.068505,3
chr8:35200000-35920000,0.0712139,2
chr8:35920000-36560000,0.0978781,2
chr8:36920000-38160000,0.0382355,2
chr8:38160000-39880000,0.0013186040000000001,1
chr8:40040000-41240000,0.014790000000000001,1
chr8:41240000-41520000,0.0878143,2
chr8:41600000-42520000,0.18758960000000002,3
chr8:42520000-44360000,0.01125,1
chr8:44440000-45120000,0.003017649,1
chr8:45200000-46440000,0.10813465,2
chr8:46440000-47240000,0.0431263,2
chr8:47240000-47640000,0.10152,2
chr8:47720000-48040000,0.0451125,2
chr8:48040000-48800000,0.1226777,2
chr8:48800000-51400000,0.04545887999999999,2
chr8:51960000-54400000,0.001180328,1
chr8:54840000-57920000,0.0076675300000000005,1
chr8:57960000-59000000,0.0015576919999999998,1
chr8:59080000-59800000,0.00285,1
chr8:59880000-60320000,0.17091779999999998,3
chr8:60360000-60960000,0.0028799999999999997,1
chr8:61040000-62960000,0.0014625,1
chr8:62960000-63440000,0.108825,2
chr8:63480000-64000000,0.0864,2
chr8:64160000-64360000,0.025560000000000003,2
chr8:64360000-66440000,0.00420577,1
chr8:66520000-67200000,0.04002056,2
chr8:67480000-69040000,0.0368077,2
chr8:69080000-70440000,0.03523235,2
chr8:70480000-71760000,0.0621344,2
chr8:71800000-72360000,0.2178004,3
chr8:72400000-73080000,0.603529,3
chr8:73200000-75120000,0.326386,3
chr8:75160000-77560000,0.053745,2
chr8:77640000-78520000,0.038776160000000004,2
chr8:78560000-79920000,0.02223529,2
chr8:80080000-82160000,0.11012930000000001,2
chr8:82160000-83560000,0.1539769,2
chr8:83560000-86160000,0.037052299999999996,2
chr8:86160000-87160000,0.30816,3
chr8:87160000-87440000,0.9616210000000001,3
chr8:87560000-90080000,0.13880160000000002,2
chr8:90080000-90720000,0.1653752,3
chr8:90920000-92360000,0.0409,2
chr8:92360000-93320000,0.015525,1
chr8:93320000-93680000,0.4168,3
chr8:93680000-95160000,0.04298109,2
chr8:95320000-96760000,0.07625,2
chr8:96840000-97800000,0.1495125,2
chr8:97840000-98440000,0.40254,3
chr8:98440000-101360000,0.002194521,1
chr8:101920000-103320000,0.001337143,1
chr8:103320000-105320000,0.0028439999999999997,1
chr8:105320000-106600000,0.00174375,1
chr8:107120000-107840000,0.13935,2
chr8:107840000-108640000,0.41427,3
chr8:108920000-109080000,0.119475,2
chr8:109200000-109560000,0.4478,3
chr8:109600000-110160000,0.26700999999999997,3
chr8:110160000-112120000,0.06691230000000001,2
chr8:112120000-113160000,0.1352193,2
chr8:113240000-114200000,0.43316199999999994,3
chr8:114200000-114560000,0.4689,3
chr8:114560000-116160000,0.0072,1
chr8:116160000-116560000,0.012240000000000001,1
chr8:116560000-116960000,0.023129999999999998,2
chr8:116960000-119440000,0.02217301,2
chr8:119480000-120120000,0.1592437,3
chr8:120120000-121920000,0.03104,2
chr8:121920000-123160000,0.17631259999999999,3
chr8:123160000-124360000,0.11739,2
chr8:124360000-126080000,0.399453,3
chr8:126120000-126920000,0.2096437,3
chr8:127440000-128440000,0.056484000000000006,2
chr8:128440000-128960000,0.061061500000000005,2
chr8:129000000-129480000,0.2671767,3
chr8:129480000-131738871,0.0794149,2
chr9:3040000-4480000,1.3450799999999998,3
chr9:4480000-6680000,0.006038180000000001,1
chr9:7200000-7600000,0.034199999999999994,2
chr9:7600000-7880000,0.3578144,3
chr9:8200000-9000000,0.008415,1
chr9:9000000-9400000,0.05139,2
chr9:9400000-9800000,0.00126,1
chr9:10840000-13160000,0.001660341,1
chr9:13160000-13560000,0.058499999999999996,2
chr9:13640000-14240000,0.0561,2
chr9:14280000-14560000,0.1595576,3
chr9:14600000-15120000,0.2688445,3
chr9:15160000-18120000,0.018486449999999998,1
chr9:18120000-18560000,0.034363649999999996,2
chr9:18560000-20680000,0.0868246,2
chr9:20680000-21360000,0.4869,3
chr9:21400000-22240000,0.372215,3
chr9:22280000-24480000,0.0237273,2
chr9:24480000-24920000,0.02421815,2
chr9:24960000-25440000,0.095325,2
chr9:25440000-26800000,0.010191180000000001,1
chr9:27160000-28040000,0.006381822,1
chr9:28040000-29480000,0.00315,1
chr9:29480000-30240000,0.0065368449999999995,1
chr9:30240000-30920000,0.0892589,2
chr9:30920000-31200000,0.2507929,3
chr9:31360000-32080000,0.07605,2
chr9:32200000-32960000,0.02197892,2
chr9:33040000-35000000,0.013463220000000001,1
chr9:35000000-35360000,0.1558583,2
chr9:35360000-36520000,0.0346785,2
chr9:36600000-37160000,0.07469999999999999,2
chr9:37200000-37480000,0.1694567,3
chr9:37480000-37760000,0.01709997,1
chr9:37760000-40600000,0.0398409,2
chr9:40640000-41000000,0.01193611,1
chr9:41040000-41800000,0.033596030000000006,2
chr9:41800000-42120000,0.0545344,2
chr9:42120000-42800000,0.05007353,2
chr9:43120000-44240000,0.1970991,3
chr9:44240000-44960000,0.29275,3
chr9:45000000-45640000,0.052762500000000004,2
chr9:45760000-46120000,0.2613,3
chr9:46120000-48440000,0.047591400000000006,2
chr9:48440000-49280000,0.05297138999999999,2
chr9:49320000-50400000,0.01660003,1
chr9:50600000-50840000,0.18345,3
chr9:50960000-51760000,0.006840000000000001,1
chr9:51920000-53320000,0.04831711,2
chr9:53480000-54000000,0.05545383,2
chr9:54560000-55160000,0.20316,3
chr9:55240000-55800000,0.0705857,2
chr9:56000000-56720000,0.10335,2
chr9:56720000-58080000,0.264289,3
chr9:58160000-59160000,0.1102,2
chr9:59160000-59520000,0.441889,3
chr9:59560000-60520000,0.043875,2
chr9:60760000-61760000,0.068915,2
chr9:61760000-62440000,0.1333956,2
chr9:62440000-63720000,0.1470657,2
chr9:63760000-65040000,0.2310465,3
chr9:65040000-65760000,0.3872,3
chr9:65960000-67520000,0.1140692,2
chr9:67840000-69840000,0.018198000000000002,1
chr9:69840000-70400000,0.22673500000000002,3
chr9:70400000-71480000,0.0645917,2
chr9:71640000-72480000,0.208335,3
chr9:72600000-72800000,0.26486,3
chr9:72920000-73920000,0.028908,2
chr9:73960000-74720000,0.003363157,1
chr9:74840000-75320000,0.275175,3
chr9:75480000-76040000,0.03233571,2
chr9:76080000-78080000,0.064188,2
chr9:78120000-78400000,0.679886,3
chr9:78440000-79880000,0.027575000000000002,2
chr9:80120000-82760000,0.01922727,1
chr9:82800000-83640000,0.0850715,2
chr9:83680000-85640000,0.0315184,2
chr9:85640000-87160000,0.0553973,2
chr9:87320000-88800000,0.11982138,2
chr9:88920000-89600000,0.015325,1
chr9:89640000-90000000,0.1039972,2
chr9:90040000-91960000,0.00961875,1
chr9:92000000-94640000,0.01967728,1
chr9:94640000-95360000,0.025249999999999998,2
chr9:95360000-95800000,0.1515272,2
chr9:96120000-96440000,0.214538,3
chr9:96440000-96800000,0.1266,2
chr9:96800000-97040000,0.1404,2
chr9:97080000-98480000,0.01411714,1
chr9:98480000-98800000,0.060412499999999994,2
chr9:98840000-99480000,0.1912388,3
chr9:99600000-100320000,0.00225,1
chr9:100360000-101080000,0.20648060000000001,3
chr9:101160000-102480000,0.00428182,1
chr9:102520000-104160000,0.1753464,3
chr9:104320000-105320000,0.026773,2
chr9:105320000-106040000,0.0365153,2
chr9:106400000-107480000,0.1657667,3
chr9:107480000-108360000,0.380495,3
chr9:108560000-108880000,0.24075050000000003,3
chr9:108880000-110240000,0.5766878,3
chr9:110280000-111240000,0.26373800000000003,3
chr9:111240000-111840000,0.00852,1
chr9:111840000-113600000,0.011393145,1
chr9:113640000-114400000,0.15067850000000002,2
chr9:114680000-115960000,0.050850000000000006,2
chr9:115960000-116280000,0.04275,2
chr9:116880000-117920000,0.006611529999999999,1
chr9:117960000-118400000,0.06275460000000001,2
chr9:118480000-118840000,0.0667,2
chr9:119000000-119840000,0.1677428,3
chr9:120040000-124076172,0.24975080000000005,3
chr10:3120000-4480000,0.01964114,1
chr10:4480000-5960000,0.08043040000000001,2
chr10:5960000-7280000,0.15819300000000003,3
chr10:7320000-9480000,0.08886669999999999,2
chr10:9480000-10040000,0.024107169999999997,2
chr10:10040000-10880000,0.01105714,1
chr10:11080000-12720000,0.08734393,2
chr10:12720000-13200000,0.05324999999999999,2
chr10:13240000-14120000,0.0458182,2
chr10:14120000-17960000,0.0258469,2
chr10:18280000-19240000,0.024337499999999998,2
chr10:19440000-20040000,0.09713999999999999,2
chr10:20040000-20680000,0.08403755,2
chr10:20680000-21080000,0.09621000000000002,2
chr10:21080000-21760000,0.10614699999999999,2
chr10:21760000-22120000,0.0208,1
chr10:22280000-23520000,0.10294837,2
chr10:23520000-24040000,0.0533769,2
chr10:24040000-24360000,0.12240000000000001,2
chr10:24360000-24960000,0.10086,2
chr10:24960000-26080000,0.0837322,2
chr10:26080000-26760000,0.023876500000000002,2
chr10:26760000-27520000,0.0012789470000000001,1
chr10:27520000-28640000,0.06521787000000001,2
chr10:28720000-29080000,0.0623,2
chr10:29080000-30320000,0.029553190000000003,2
chr10:30320000-30560000,0.1498583,2
chr10:30560000-31040000,0.0159354,1
chr10:31440000-33680000,0.01440003,1
chr10:33680000-34080000,0.14571,2
chr10:34120000-36640000,0.00658571,1
chr10:36720000-38840000,0.013058489999999999,1
chr10:38840000-39960000,0.10635720000000001,2
chr10:39960000-40280000,0.452488,3
chr10:40280000-41440000,0.0849103,2
chr10:41520000-42000000,0.1095,2
chr10:42000000-43280000,0.12636560000000002,2
chr10:43280000-43960000,0.06278819999999999,2
chr10:43960000-45680000,0.0720837,2
chr10:45680000-50320000,0.0035456899999999998,1
chr10:50360000-51200000,0.02910004,2
chr10:51240000-52160000,0.054001099999999996,2
chr10:52160000-53320000,0.037675,2
chr10:53360000-56080000,0.01167353,1
chr10:56080000-57600000,0.0718579,2
chr10:57720000-59360000,0.1004049,2
chr10:59720000-60600000,0.057150000000000006,2
chr10:60600000-60920000,0.22365,3
chr10:60920000-61160000,0.201858,3
chr10:61160000-62320000,0.1895981,3
chr10:62600000-62880000,0.2451861,3
chr10:62880000-66280000,0.003988230000000001,1
chr10:66280000-66720000,0.40304549999999995,3
chr10:66720000-67440000,0.0619111,2
chr10:67480000-68800000,0.056225,2
chr10:68800000-70720000,0.08967030000000001,2
chr10:70920000-72480000,0.029423099999999997,2
chr10:72560000-74360000,0.0027,1
chr10:74640000-74960000,0.12082499999999999,2
chr10:75000000-76520000,0.19650299999999998,3
chr10:76600000-77440000,0.1445571,2
chr10:77440000-77880000,0.2572068,3
chr10:77920000-79160000,0.0941226,2
chr10:79200000-81040000,0.563072,3
chr10:81080000-83120000,0.15217050000000001,2
chr10:83240000-83960000,0.023,2
chr10:84160000-84600000,0.1332818,2
chr10:84640000-85240000,0.03294,2
chr10:85400000-86040000,0.062471900000000004,2
chr10:86440000-87000000,0.0018642860000000002,1
chr10:87000000-87840000,0.0593143,2
chr10:87840000-88240000,0.1171525,2
chr10:88880000-90160000,0.059175,2
chr10:90160000-90680000,0.2420305,3
chr10:90680000-92480000,0.0078,1
chr10:92520000-93280000,0.12694729999999999,2
chr10:93280000-94440000,0.10576550000000001,2
chr10:94440000-94960000,0.1242692,2
chr10:95000000-95560000,0.0883929,2
chr10:95560000-96800000,0.017883850000000003,1
chr10:96800000-97160000,0.0077,1
chr10:97160000-98560000,0.02314281,2
chr10:98600000-99080000,0.106875,2
chr10:99080000-99960000,0.0304772,2
chr10:100040000-101920000,0.0017234020000000002,1
chr10:101920000-102640000,0.00425,1
chr10:102680000-105240000,0.014245299999999999,1
chr10:105280000-106040000,0.01582104,1
chr10:106040000-106840000,0.003555,1
chr10:106840000-107200000,0.0028,1
chr10:107200000-107960000,0.17625740000000004,3
chr10:108040000-109320000,0.0107156,1
chr10:109320000-110160000,0.00582857,1
chr10:110160000-110560000,0.19098,3
chr10:110560000-111440000,0.1431411,2
chr10:111600000-112280000,0.00534706,1
chr10:112400000-114600000,0.001358186,1
chr10:114600000-115640000,0.1103539,2
chr10:115640000-116480000,0.11699999999999999,2
chr10:116680000-117120000,0.1813092,3
chr10:117160000-117480000,0.23163699999999998,3
chr10:117560000-118680000,0.0520072,2
chr10:119080000-119640000,0.0939304,2
chr10:119640000-121040000,0.1871481,3
chr10:121080000-121520000,0.0824727,2
chr10:121520000-122000000,0.0201,1
chr10:122000000-122640000,0.1681875,3
chr10:122640000-124360000,0.000983721,1
chr10:124520000-125040000,0.001800003,1
chr10:125120000-126320000,0.01896,1
chr10:126320000-127480000,0.2394933,3
chr10:127520000-128360000,0.595205,3
chr10:128360000-129993255,0.01011599,1
chr11:3000000-4960000,0.286833,3
chr11:5000000-5360000,0.1979191,3
chr11:5360000-5880000,0.256154,3
chr11:5880000-6520000,0.483094,3
chr11:6520000-7080000,0.07191429999999999,2
chr11:7080000-8320000,0.009145160000000001,1
chr11:8320000-9120000,0.118665,2
chr11:9160000-11240000,0.00361731,1
chr11:11320000-11680000,0.0186,1
chr11:11680000-11880000,0.31698,3
chr11:11920000-12480000,0.041592800000000006,2
chr11:12480000-16360000,0.0033587599999999997,1
chr11:16400000-16920000,0.0841846,2
chr11:17160000-18720000,0.01566925,1
chr11:18760000-19720000,0.03045,2
chr11:19720000-19960000,0.29205000000000003,3
chr11:20000000-20600000,0.22295,3
chr11:20640000-21400000,0.091421,2
chr11:21480000-21880000,0.009540000000000002,1
chr11:22120000-22520000,0.068085,2
chr11:22520000-22880000,0.12475,2
chr11:22880000-23560000,0.35025860000000003,3
chr11:23560000-23840000,0.13075710000000001,2
chr11:23880000-26920000,0.01463684,1
chr11:26960000-29080000,0.031635899999999995,2
chr11:29120000-30560000,0.185425,3
chr11:30560000-32040000,0.1056648,2
chr11:32080000-33040000,0.1629745,3
chr11:33040000-33840000,0.32683500000000004,3
chr11:34120000-34640000,0.02873072,2
chr11:34640000-35840000,0.10827,2
chr11:35840000-38560000,0.001575,1
chr11:39360000-40480000,0.0027,1
chr11:40600000-43240000,0.00628636,1
chr11:43240000-44280000,0.0700615,2
chr11:44320000-45720000,0.06322424,2
chr11:45760000-46080000,0.13006879999999998,2
chr11:46320000-48600000,0.006047372,1
chr11:48600000-49440000,0.2422714,3
chr11:49440000-50000000,0.1936927,3
chr11:50240000-51400000,0.0836379,2
chr11:51400000-53120000,0.307695,3
chr11:53280000-53720000,0.2232726,3
chr11:53720000-54840000,0.1371536,2
chr11:55000000-55280000,0.1175393,2
chr11:55280000-55840000,0.14559489999999997,2
chr11:55920000-57600000,0.0381643,2
chr11:57760000-57960000,0.49212,3
chr11:58000000-58720000,0.09075,2
chr11:58760000-59600000,0.322372,3
chr11:59640000-60400000,0.242433,3
chr11:60480000-61600000,0.23891800000000002,3
chr11:61760000-62400000,0.326982,3
chr11:62520000-64800000,0.0315145,2
chr11:64840000-65520000,0.038382400000000004,2
chr11:65600000-66840000,0.01834838,1
chr11:66920000-67600000,0.011382350000000001,1
chr11:67760000-68680000,0.12725219999999998,2
chr11:68720000-69800000,0.633444,3
chr11:69840000-70600000,0.294442,3
chr11:70840000-71840000,0.019042,1
chr11:72040000-74400000,0.09553730000000002,2
chr11:74440000-75280000,0.380641,3
chr11:75520000-76240000,0.2758,3
chr11:76240000-78000000,0.270818,3
chr11:78000000-78160000,0.765,3
chr11:78160000-79800000,0.1673342,3
chr11:79880000-80240000,0.48160000000000003,3
chr11:80240000-82000000,0.0369614,2
chr11:82040000-83080000,0.08930760000000001,2
chr11:83320000-83560000,0.042300000000000004,2
chr11:83600000-84640000,0.147773,2
chr11:84680000-85640000,0.188625,3
chr11:85640000-86280000,0.1623937,3
chr11:86320000-87240000,0.358356,3
chr11:87400000-88040000,0.2627784,3
chr11:88040000-88880000,0.22645739999999998,3
chr11:88880000-89680000,0.01773,1
chr11:90120000-90520000,0.09189,2
chr11:90520000-92840000,0.003801726,1
chr11:92960000-93720000,0.02010135,1
chr11:93760000-94400000,0.266088,3
chr11:94480000-97480000,0.307747,3
chr11:97640000-98560000,0.358648,3
chr11:98880000-100200000,0.0853091,2
chr11:100200000-101480000,0.346135,3
chr11:101480000-102320000,0.35017699999999996,3
chr11:102320000-102960000,0.3473562,3
chr11:103200000-103800000,0.16512,3
chr11:103840000-104320000,0.25125000000000003,3
chr11:104360000-105040000,0.09499260000000001,2
chr11:105040000-106040000,0.177624,3
chr11:106360000-106880000,0.5787,3
chr11:106880000-107360000,0.320375,3
chr11:107360000-108280000,0.10378699999999999,2
chr11:108280000-109720000,1.2535749999999999,3
chr11:109720000-110160000,0.01431815,1
chr11:110200000-111400000,0.0087,1
chr11:111400000-113480000,0.014088439999999999,1
chr11:113520000-114520000,0.04813200000000001,2
chr11:114520000-114880000,0.16749999999999998,3
chr11:115400000-116360000,0.41669999999999996,3
chr11:116480000-117680000,0.24292,3
chr11:117720000-118880000,0.1199172,2
chr11:119120000-120200000,0.26499969999999995,3
chr11:120200000-121843856,0.387691,3
chr12:3080000-5000000,0.1802245,3
chr12:5040000-8640000,0.0161608,1
chr12:8680000-9040000,0.433758,3
chr12:9040000-10600000,0.013809579999999998,1
chr12:10600000-11200000,0.0026999999999999997,1
chr12:11200000-12400000,0.05082,2
chr12:12400000-13280000,0.06827732,2
chr12:13280000-15520000,0.013130329999999999,1
chr12:15520000-17360000,0.0715109,2
chr12:17360000-18200000,0.117171,2
chr12:18240000-18520000,0.01105715,1
chr12:19080000-20080000,0.022427999999999997,2
chr12:20240000-20960000,0.0531,2
chr12:21040000-21640000,0.23784,3
chr12:24960000-27040000,0.0463327,2
chr12:27120000-29240000,0.00896604,1
chr12:29240000-30600000,0.0771883,2
chr12:30720000-31280000,0.01356428,1
chr12:31280000-31720000,0.03780001,2
chr12:31760000-32640000,0.1587682,3
chr12:32640000-32960000,0.022725,2
chr12:33280000-33600000,0.07852500000000001,2
chr12:33600000-34120000,0.0767769,2
chr12:34120000-35920000,0.0228,2
chr12:35920000-36520000,0.03504,2
chr12:36600000-37400000,0.05238,2
chr12:37400000-38840000,0.0076,1
chr12:38840000-40240000,0.01709997,1
chr12:40240000-40920000,0.01821174,1
chr12:40920000-41560000,0.1266187,2
chr12:41560000-43240000,0.01157141,1
chr12:43440000-45320000,0.00651064,1
chr12:45320000-45680000,0.0651,2
chr12:45680000-46320000,0.02390625,2
chr12:46520000-50320000,0.0032400000000000003,1
chr12:50400000-52440000,0.01554706,1
chr12:52440000-54000000,0.1532307,2
chr12:54000000-55800000,0.029360000000000004,2
chr12:55800000-56200000,0.19188,3
chr12:56320000-56920000,0.13091999999999998,2
chr12:56920000-57760000,0.0327857,2
chr12:57760000-58320000,0.00482142,1
chr12:58360000-58680000,0.041175,2
chr12:58960000-60120000,0.027620699999999998,2
chr12:60320000-62880000,0.00316406,1
chr12:62920000-64000000,0.0020333369999999996,1
chr12:64040000-66040000,0.0040680000000000004,1
chr12:66040000-68040000,0.050796,2
chr12:68280000-70240000,0.00347143,1
chr12:70280000-71560000,0.1558406,2
chr12:71560000-72080000,0.0953019,2
chr12:72080000-72840000,0.1365831,2
chr12:72840000-73160000,0.087525,2
chr12:73200000-74080000,0.1151182,2
chr12:74080000-74680000,0.13788,2
chr12:74680000-75080000,0.09117,2
chr12:75120000-76560000,0.008975,1
chr12:76560000-76760000,0.22374,3
chr12:76880000-77480000,0.26292,3
chr12:77480000-77920000,0.145391,2
chr12:78080000-79080000,0.030780000000000002,2
chr12:79120000-80240000,0.0955607,2
chr12:80280000-81240000,0.08296880000000001,2
chr12:81240000-81840000,0.23457,3
chr12:81840000-82040000,0.306,3
chr12:82040000-82880000,0.1767004,3
chr12:83160000-84840000,0.03299999,2
chr12:84840000-85640000,0.26757000000000003,3
chr12:85960000-86680000,0.2259,3
chr12:86680000-87040000,0.11380000000000001,2
chr12:87040000-88040000,0.090936,2
chr12:88080000-88760000,0.20414110000000002,3
chr12:88800000-89600000,0.018955,1
chr12:89600000-90680000,0.007066663,1
chr12:90680000-91720000,0.0015576919999999998,1
chr12:91960000-93080000,0.0721928,2
chr12:93080000-94760000,0.002100003,1
chr12:94760000-97000000,0.003150001,1
chr12:97160000-99840000,0.00468806,1
chr12:99880000-101360000,0.1591345,3
chr12:101360000-102320000,0.24014400000000002,3
chr12:102320000-103200000,0.0632114,2
chr12:103200000-103720000,0.0903461,2
chr12:103720000-104000000,0.3235319,3
chr12:104000000-104680000,0.1299941,2
chr12:105200000-105680000,0.020775,1
chr12:105680000-106200000,0.07456149000000001,2
chr12:106280000-107080000,0.123615,2
chr12:107200000-109400000,0.030632700000000002,2
chr12:109520000-109760000,0.08025,2
chr12:109760000-111640000,0.16406779999999999,3
chr12:111640000-112120000,0.4413,3
chr12:112120000-114480000,0.23976579999999997,3
chr12:114480000-115400000,0.001526087,1
chr12:115640000-116280000,0.0003375,1
chr12:116280000-117240000,0.00045,1
chr12:117280000-118600000,0.0643364,2
chr12:118600000-119040000,0.07502732000000001,2
chr12:119040000-120160000,0.032721400000000005,2
chr12:120160000-121257530,0.01236595,1
chr13:3000000-6520000,0.0460125,2
chr13:6560000-8800000,0.01341964,1
chr13:8800000-9840000,0.19834580000000002,3
chr13:9880000-11680000,0.00216,1
chr13:11840000-12520000,0.0886235,2
chr13:12560000-13520000,0.01245,1
chr13:13560000-13960000,0.05382,2
chr13:14320000-14720000,0.057215,2
chr13:14720000-15880000,0.07172927999999999,2
chr13:16040000-17760000,0.0094186,1
chr13:17800000-18920000,0.10642499999999999,2
chr13:19400000-19760000,0.15510000000000002,2
chr13:19800000-20400000,0.044399999999999995,2
chr13:20400000-21920000,0.359219,3
chr13:21920000-22120000,1.8793799999999998,3
chr13:22200000-23720000,0.668487,3
chr13:23840000-25040000,0.2450833,3
chr13:25120000-29960000,0.03768843000000001,2
chr13:30360000-30640000,0.04834290000000001,2
chr13:30640000-31760000,0.03992143,2
chr13:31760000-32840000,0.0436667,2
chr13:32920000-34040000,0.01366071,1
chr13:34040000-36040000,0.11629800000000001,2
chr13:36080000-37520000,0.038025,2
chr13:37520000-38080000,0.10994999999999999,2
chr13:38080000-40880000,0.0544329,2
chr13:40880000-41360000,0.09899999999999999,2
chr13:41360000-41720000,0.0284,2
chr13:41720000-43240000,0.017857920000000003,1
chr13:43240000-45120000,0.20908719999999997,3
chr13:45120000-45600000,0.024675,2
chr13:45640000-46760000,0.029892830000000002,2
chr13:46760000-47160000,0.2953,3
chr13:47160000-48600000,0.0372222,2
chr13:48600000-49840000,0.2114709,3
chr13:49840000-51000000,0.01585863,1
chr13:51000000-51760000,0.125974,2
chr13:51760000-52320000,0.07248570000000001,2
chr13:52320000-52720000,0.01737,1
chr13:52720000-53120000,0.042897500000000005,2
chr13:53200000-53520000,0.15513699999999997,2
chr13:53520000-54160000,0.00399375,1
chr13:54160000-54560000,0.10485,2
chr13:54800000-55680000,0.39575799999999994,3
chr13:55840000-58080000,0.0248464,2
chr13:58200000-58680000,0.31920000000000004,3
chr13:58720000-59920000,0.08712,2
chr13:59920000-61000000,0.04360003,2
chr13:61080000-61760000,0.001535294,1
chr13:62080000-62520000,0.0580909,2
chr13:62680000-63000000,0.049725,2
chr13:63000000-63480000,0.127575,2
chr13:63520000-64240000,0.09190000000000001,2
chr13:64240000-66720000,0.047845200000000004,2
chr13:66960000-67960000,0.17128800000000002,3
chr13:68080000-68720000,0.01800005,1
chr13:68720000-69640000,0.0279913,2
chr13:69800000-70760000,0.0273375,2
chr13:70760000-73480000,0.014608079999999999,1
chr13:73480000-74440000,0.1345229,2
chr13:74440000-74720000,0.23998609999999998,3
chr13:74760000-76880000,0.057701899999999993,2
chr13:76880000-78360000,0.037362200000000005,2
chr13:78360000-79480000,0.007939286,1
chr13:79560000-80960000,0.0019028539999999998,1
chr13:80960000-81560000,0.10776,2
chr13:81560000-81920000,0.1284,2
chr13:81920000-83800000,0.00846383,1
chr13:83840000-84960000,0.031725,2
chr13:85080000-85320000,0.0063,1
chr13:85680000-89680000,0.0076635,1
chr13:89720000-91080000,0.09240889999999999,2
chr13:91080000-91880000,0.036585,2
chr13:92000000-94520000,0.06612860000000001,2
chr13:94560000-96120000,0.0941539,2
chr13:96280000-97840000,0.0824602,2
chr13:97880000-99040000,2.005634,3
chr13:99080000-99280000,0.12672,2
chr13:99360000-100120000,0.1475999,2
chr13:100120000-100720000,0.09695999999999999,2
chr13:100880000-101440000,0.1268285,2
chr13:101600000-103480000,0.01281063,1
chr13:103920000-104480000,0.01812853,1
chr13:104560000-104920000,0.138533,2
chr13:104920000-107600000,0.041044,2
chr13:107760000-108920000,0.1074724,2
chr13:109120000-110000000,0.01560225,1
chr13:110000000-110560000,0.060107100000000004,2
chr13:110560000-112160000,0.0342,2
chr13:112160000-113080000,0.1143391,2
chr13:113080000-113440000,0.07419999999999999,2
chr13:113440000-113840000,0.20240999999999998,3
chr13:113840000-114440000,0.03996,2
chr13:114440000-114640000,0.21149999999999997,3
chr13:114640000-115600000,0.10766250000000001,2
chr13:115760000-117600000,0.00896087,1
chr13:117960000-119160000,0.04446,2
chr13:119200000-120284312,0.05683970000000001,2
chr14:8520000-12360000,0.04120318,2
chr14:12360000-13360000,0.11289599999999998,2
chr14:13360000-14120000,0.0025105229999999997,1
chr14:14120000-14960000,0.0398142,2
chr14:15000000-15760000,0.06389998,2
chr14:15800000-17240000,0.02135,2
chr14:17240000-18200000,0.010125,1
chr14:18200000-19080000,0.00985909,1
chr14:19120000-20160000,0.1381501,2
chr14:20440000-20880000,0.1484182,2
chr14:20920000-21120000,0.08748,2
chr14:21120000-21520000,0.40527,3
chr14:21520000-21880000,0.3519,3
chr14:21880000-22680000,0.32313,3
chr14:22680000-24360000,0.0030928600000000002,1
chr14:24400000-25320000,0.11951729999999999,2
chr14:25320000-25760000,0.01928179,1
chr14:25800000-26680000,0.0984273,2
chr14:27080000-27480000,0.19746,3
chr14:27520000-27840000,0.07919999999999999,2
chr14:27920000-28320000,0.20762999999999998,3
chr14:28320000-28560000,0.04395,2
chr14:28560000-30760000,0.00386182,1
chr14:30800000-31320000,0.06233268,2
chr14:31360000-31760000,0.21753,3
chr14:31800000-32320000,0.444675,3
chr14:32320000-33000000,0.1995393,3
chr14:33000000-33320000,0.2092313,3
chr14:33360000-34760000,0.0346036,2
chr14:34880000-35400000,0.23870799999999998,3
chr14:35400000-35600000,0.2826,3
chr14:35600000-37880000,0.01007369,1
chr14:37960000-40280000,0.001598278,1
chr14:40280000-42040000,0.01615909,1
chr14:43800000-44400000,0.00276,1
chr14:44480000-44880000,0.0026999999999999997,1
chr14:45160000-45880000,0.009600000000000001,1
chr14:45880000-46400000,0.16546149999999998,3
chr14:46440000-47440000,0.034704,2
chr14:47440000-47880000,0.09621819999999999,2
chr14:47880000-49000000,0.1637677,3
chr14:49000000-49840000,0.0930857,2
chr14:49840000-50400000,0.01754996,1
chr14:50400000-51440000,0.052338499999999996,2
chr14:51440000-52480000,0.15694619999999998,2
chr14:52480000-54320000,0.1306174,2
chr14:54320000-56160000,0.26385600000000003,3
chr14:56240000-57720000,0.23411300000000002,3
chr14:57720000-58280000,0.20352889999999998,3
chr14:58280000-58560000,0.3191139,3
chr14:58560000-59760000,0.00858,1
chr14:59760000-60200000,0.1064454,2
chr14:60200000-61080000,0.062427300000000005,2
chr14:61120000-61360000,0.0959167,2
chr14:61400000-61920000,0.07241539999999999,2
chr14:61920000-63080000,0.08345169999999999,2
chr14:63120000-63640000,0.1527231,2
chr14:63680000-64160000,0.18041300000000002,3
chr14:64160000-64480000,0.1437188,2
chr14:64480000-64720000,0.1107,2
chr14:64720000-65200000,0.025125,2
chr14:65240000-65920000,0.1640647,3
chr14:66000000-66920000,0.1054098,2
chr14:66920000-67520000,0.075155,2
chr14:67640000-68320000,0.09775441,2
chr14:68320000-68600000,0.15210010000000002,2
chr14:68600000-69120000,0.018138500000000002,1
chr14:69320000-69960000,0.02328745,2
chr14:69960000-70560000,0.11442,2
chr14:70600000-71040000,0.1836005,3
chr14:71160000-72800000,0.00978841,1
chr14:72920000-73480000,0.07476424000000001,2
chr14:73480000-73920000,0.2101591,3
chr14:73920000-75440000,0.0340435,2
chr14:75440000-76240000,0.07704,2
chr14:76240000-76880000,0.258694,3
chr14:76880000-77440000,0.0891643,2
chr14:77440000-78920000,0.0276324,2
chr14:78920000-79880000,0.12590310000000002,2
chr14:80160000-80640000,0.003375,1
chr14:80640000-84840000,0.000685714,1
chr14:84840000-87000000,0.002183337,1
chr14:87200000-87840000,0.10189069999999999,2
chr14:87840000-89400000,0.007661534,1
chr14:89400000-90320000,0.001917391,1
chr14:90760000-94320000,0.001466293,1
chr14:94320000-96360000,0.001058823,1
chr14:96360000-97320000,0.0012000000000000001,1
chr14:97320000-99440000,0.006979244000000001,1
chr14:99440000-100320000,0.11888189999999998,2
chr14:100320000-101840000,0.024015750000000002,2
chr14:102080000-103400000,0.01579095,1
chr14:103400000-103960000,0.1086429,2
chr14:104120000-105520000,0.027797130000000003,2
chr14:105600000-106840000,0.0704032,2
chr14:106960000-110160000,0.00086625,1
chr14:110200000-111200000,0.000504,1
chr14:111360000-115200000,0.00249375,1
chr14:115200000-115840000,0.11789949999999999,2
chr14:115840000-118480000,0.016104555,1
chr14:118520000-119320000,0.12186000000000001,2
chr14:119320000-120440000,0.0385072,2
chr14:120480000-121200000,0.08360000000000001,2
chr14:121360000-121640000,0.10118571,2
chr14:121640000-122200000,0.1503646,2
chr14:122240000-123720000,0.1251973,2
chr14:123720000-125194864,0.00978802,1
chr15:3200000-5080000,0.06839999999999999,2
chr15:5080000-6520000,0.043675,2
chr15:6760000-7400000,0.0271125,2
chr15:7400000-8040000,0.0681188,2
chr15:8040000-8560000,0.218976,3
chr15:8560000-8960000,0.07722,2
chr15:8960000-10400000,0.046875,2
chr15:10400000-10840000,0.254045,3
chr15:10960000-11320000,0.0394,2
chr15:11320000-12840000,0.1384342,2
chr15:12880000-14360000,0.0071027,1
chr15:14520000-15160000,0.00084375,1
chr15:15160000-19240000,0.0028235260000000002,1
chr15:19240000-21440000,0.0028472799999999998,1
chr15:21480000-24360000,0.001775,1
chr15:24480000-25920000,0.13665,2
chr15:25920000-27200000,0.01645312,1
chr15:27240000-28120000,0.1784041,3
chr15:28120000-29920000,0.0014199999999999998,1
chr15:29960000-31520000,0.0443634,2
chr15:31560000-32720000,0.016231069999999997,1
chr15:32720000-34360000,0.06897070000000001,2
chr15:34400000-36120000,0.08698610000000001,2
chr15:36120000-36520000,0.10179,2
chr15:36680000-38440000,0.1858297,3
chr15:38600000-39160000,0.1839211,3
chr15:39160000-39680000,0.0789231,2
chr15:39680000-39960000,0.032142840000000006,2
chr15:40000000-40960000,0.0212625,2
chr15:40960000-41800000,0.031542890000000004,2
chr15:41840000-42760000,0.001995656,1
chr15:42760000-43600000,0.04435717,2
chr15:43720000-44640000,0.0403043,2
chr15:44640000-46360000,0.002469771,1
chr15:46840000-48640000,0.0073,1
chr15:48680000-49400000,0.0055,1
chr15:49520000-52320000,0.0465171,2
chr15:52320000-54840000,0.044585690000000004,2
chr15:54880000-55400000,0.1292346,2
chr15:55400000-55880000,0.121971,2
chr15:55880000-57400000,0.01769734,1
chr15:57440000-57880000,0.1351636,2
chr15:57920000-58720000,0.11475,2
chr15:58760000-59200000,0.23293380000000002,3
chr15:59200000-59680000,0.170625,3
chr15:59720000-60920000,0.00741,1
chr15:60920000-63680000,0.044243500000000005,2
chr15:63680000-64480000,0.12761999999999998,2
chr15:64520000-66400000,0.0464361,2
chr15:66480000-66960000,0.01697083,1
chr15:67000000-68200000,0.02697,2
chr15:68240000-71240000,0.006048,1
chr15:71280000-71760000,0.0049499999999999995,1
chr15:71880000-72880000,0.022968,2
chr15:73040000-73520000,0.1797,3
chr15:73600000-74400000,0.00747,1
chr15:74400000-75720000,0.08132349999999999,2
chr15:75760000-76000000,0.43747899999999995,3
chr15:76040000-76760000,0.5565,3
chr15:76760000-77200000,0.26918200000000003,3
chr15:77280000-77800000,0.3649153,3
chr15:77800000-78640000,0.0573428,2
chr15:79040000-79920000,0.5436409999999999,3
chr15:79920000-81200000,0.23658800000000002,3
chr15:81240000-81880000,0.575213,3
chr15:81880000-83360000,0.20043280000000002,3
chr15:83400000-84480000,0.0543,2
chr15:84560000-86040000,0.485416,3
chr15:86040000-88520000,0.028837539999999995,2
chr15:88560000-89320000,0.306145,3
chr15:89400000-90040000,0.00849375,1
chr15:90080000-92080000,0.022788000000000003,2
chr15:92080000-93120000,0.028572100000000003,2
chr15:93400000-94360000,0.0077624999999999994,1
chr15:94520000-95520000,0.005364000000000001,1
chr15:95520000-96280000,0.33366399999999996,3
chr15:96280000-97000000,0.23555,3
chr15:97000000-98360000,0.11830079999999998,2
chr15:98360000-100560000,0.313869,3
chr15:100640000-101000000,0.0706,2
chr15:101120000-101920000,0.0771575,2
chr15:101920000-102520000,0.630362,3
chr15:102520000-103494974,0.205704,3
chr16:3240000-4680000,0.1954243,3
chr16:4680000-5240000,0.316234,3
chr16:5240000-6480000,0.01285645,1
chr16:6480000-8400000,0.003,1
chr16:8400000-8680000,0.25304,3
chr16:8840000-10520000,0.04860353,2
chr16:10560000-13080000,0.1205857,2
chr16:13080000-13680000,0.15378,2
chr16:13840000-14160000,0.2064499,3
chr16:14200000-15600000,0.0581657,2
chr16:15840000-16160000,0.1197,2
chr16:16320000-17000000,0.1580985,2
chr16:17080000-17520000,0.44091800000000003,3
chr16:17720000-18240000,0.2377382,3
chr16:18320000-18640000,0.119475,2
chr16:18680000-18880000,0.2583,3
chr16:18880000-20480000,0.0983025,2
chr16:20480000-20680000,0.53671,3
chr16:20680000-21440000,0.1030868,2
chr16:21480000-22240000,0.09615789999999999,2
chr16:22280000-22840000,0.18372860000000002,3
chr16:22840000-23120000,0.5001426,3
chr16:23160000-24040000,0.0365728,2
chr16:24040000-25360000,0.07919995,2
chr16:25360000-25960000,0.07092,2
chr16:26240000-27440000,0.015059999999999999,1
chr16:27440000-28520000,0.0055333299999999995,1
chr16:28520000-29600000,0.024266669999999997,2
chr16:29600000-30520000,0.11864350000000001,2
chr16:30560000-31440000,0.1341388,2
chr16:31440000-31960000,0.1606672,3
chr16:32080000-32680000,0.30318,3
chr16:32760000-33080000,0.2849625,3
chr16:33240000-34120000,0.1626955,3
chr16:34120000-35000000,0.03031363,2
chr16:35080000-35840000,0.1577369,2
chr16:36040000-36880000,0.10625119999999999,2
chr16:37040000-38600000,0.1519846,2
chr16:38600000-39080000,0.034875,2
chr16:39080000-41280000,0.000670909,1
chr16:41280000-41880000,0.00174,1
chr16:42160000-44160000,0.047052,2
chr16:44160000-44720000,0.0855,2
chr16:44720000-45160000,0.09703629999999999,2
chr16:45160000-48240000,0.027268850000000004,2
chr16:48400000-49000000,0.05244170000000001,2
chr16:49080000-50800000,0.057893,2
chr16:50800000-52240000,0.01905,1
chr16:52280000-53320000,0.003323078,1
chr16:53520000-55880000,0.01025085,1
chr16:55880000-57120000,0.1159105,2
chr16:57120000-57600000,1.64524,3
chr16:57600000-58760000,0.0418034,2
chr16:58840000-59400000,0.000964286,1
chr16:59440000-59640000,0.16182000000000002,3
chr16:59640000-60480000,0.0017142869999999999,1
chr16:60600000-62840000,0.01044643,1
chr16:62840000-64760000,0.00765,1
chr16:64760000-65560000,0.053055,2
chr16:65600000-66120000,0.01502305,1
chr16:66120000-67840000,0.001255814,1
chr16:68600000-70640000,0.00587647,1
chr16:71240000-72240000,0.004751999999999999,1
chr16:72280000-73000000,0.02035,1
chr16:73200000-75320000,0.001443396,1
chr16:75600000-76960000,0.02287061,2
chr16:77120000-78160000,0.005538458,1
chr16:78200000-78640000,0.10350000000000001,2
chr16:78640000-78960000,0.0012374999999999999,1
chr16:79120000-81120000,0.001026,1
chr16:81160000-84600000,0.0012872089999999999,1
chr16:84600000-85720000,0.08292859999999999,2
chr16:85760000-87400000,0.01604639,1
chr16:87520000-87760000,0.0939,2
chr16:87760000-89760000,0.0019619999999999998,1
chr16:89800000-90200000,0.08748,2
chr16:90320000-91680000,0.23474089999999997,3
chr16:91680000-92320000,0.1456876,2
chr16:92440000-93680000,0.040528999999999996,2
chr16:93880000-94560000,0.059589699999999995,2
chr16:94560000-94960000,0.36495,3
chr16:94960000-96320000,0.056461700000000004,2
chr16:96400000-98319150,0.0475898,2
chr17:3000000-5400000,0.0753,2
chr17:5400000-6440000,0.12361149999999999,2
chr17:6880000-8160000,0.0666563,2
chr17:8360000-10720000,0.0591407,2
chr17:11320000-12200000,0.00445909,1
chr17:12200000-12600000,0.18494999999999998,3
chr17:12600000-13240000,0.1994057,3
chr17:13400000-13720000,0.0050625,1
chr17:13760000-15120000,0.07562650000000001,2
chr17:15240000-15600000,0.0891361,2
chr17:15600000-17120000,0.09370990000000001,2
chr17:17400000-17800000,0.19286999999999999,3
chr17:17880000-20200000,0.01615348,1
chr17:20200000-21280000,0.03893337,2
chr17:21320000-21760000,0.14056359999999998,2
chr17:21840000-22200000,0.1624,3
chr17:22200000-23880000,0.23016409999999998,3
chr17:24160000-24560000,0.38547000000000003,3
chr17:24600000-25960000,0.417389,3
chr17:26000000-27040000,0.304719,3
chr17:27280000-27680000,0.04761,2
chr17:27680000-28320000,0.353756,3
chr17:28480000-28680000,0.19565999999999997,3
chr17:28760000-29160000,0.27675,3
chr17:29160000-29640000,0.5865,3
chr17:29680000-31120000,0.137475,2
chr17:31440000-32200000,0.187042,3
chr17:32200000-33120000,0.358487,3
chr17:33120000-34080000,0.31372500000000003,3
chr17:34080000-35560000,0.423632,3
chr17:35600000-36080000,0.733875,3
chr17:36080000-36320000,0.24015,3
chr17:36360000-36920000,0.0916071,2
chr17:36920000-37400000,0.189075,3
chr17:37400000-38760000,0.00897353,1
chr17:38760000-40000000,41.78567742,3
chr17:40000000-40960000,0.006937499999999999,1
chr17:40960000-42960000,0.02862,2
chr17:43120000-43760000,0.02896875,2
chr17:43800000-45560000,0.037779599999999997,2
chr17:45600000-46280000,0.2528662,3
chr17:46320000-46880000,0.461957,3
chr17:46920000-47880000,0.24638,3
chr17:47880000-48240000,0.13290000000000002,2
chr17:48240000-50040000,0.03372,2
chr17:50040000-50960000,0.30705674,3
chr17:50960000-52640000,0.0225857,2
chr17:52640000-53600000,0.0269625,2
chr17:53600000-54480000,0.0799364,2
chr17:54480000-56160000,0.0523148,2
chr17:56200000-56880000,0.473226,3
chr17:56880000-57160000,0.337311,3
chr17:57160000-59080000,0.0227286,2
chr17:59080000-63240000,0.013197069999999998,1
chr17:63280000-65920000,0.0469227,2
chr17:65920000-66880000,0.3490125,3
chr17:66880000-68160000,0.0250875,2
chr17:68200000-69720000,0.02491574,2
chr17:69760000-71040000,0.00945,1
chr17:71040000-71360000,0.689287,3
chr17:71360000-73160000,0.09042,2
chr17:73160000-74480000,0.02844545,2
chr17:74720000-75960000,0.1472225,2
chr17:75960000-79000000,0.01346443,1
chr17:79000000-80040000,0.08968839999999999,2
chr17:80040000-80600000,0.1570897,2
chr17:80600000-80960000,0.285239,3
chr17:80960000-81480000,0.09519230000000001,2
chr17:81480000-83400000,0.0056812500000000005,1
chr17:83640000-84240000,0.22614,3
chr17:84280000-84840000,0.1654713,3
chr17:84880000-86040000,0.1066655,2
chr17:86080000-86560000,0.14595000000000002,2
chr17:86560000-86840000,0.0383143,2
chr17:86880000-87680000,0.10475999999999999,2
chr17:87680000-88000000,0.1779755,3
chr17:88120000-88360000,0.05895,2
chr17:88400000-89080000,0.13429850000000002,2
chr17:89080000-90960000,0.003695744,1
chr17:91000000-93520000,0.0058,1
chr17:93520000-95272651,0.036952,2
chr18:3000000-4160000,0.0392896,2
chr18:4200000-6600000,0.08592,2
chr18:6600000-7800000,0.0543,2
chr18:7880000-9960000,0.058119199999999996,2
chr18:9960000-11680000,0.1025372,2
chr18:11680000-12240000,0.0494358,2
chr18:12280000-12920000,0.0839188,2
chr18:13160000-14720000,0.00906923,1
chr18:14960000-16360000,0.01774283,1
chr18:16400000-18080000,0.0191357,1
chr18:18880000-20080000,0.00534,1
chr18:20120000-20760000,0.023118700000000002,2
chr18:20760000-21160000,0.19125,3
chr18:21160000-21600000,0.07478190000000001,2
chr18:22160000-24080000,0.020475,1
chr18:24160000-24800000,0.22185000000000002,3
chr18:24800000-25200000,0.03942,2
chr18:25400000-25720000,0.0727875,2
chr18:25720000-28040000,0.0020637900000000002,1
chr18:28280000-30440000,0.00336667,1
chr18:30440000-31960000,0.07093419999999999,2
chr18:32040000-33960000,0.1034193,2
chr18:33960000-34960000,0.32656700000000005,3
chr18:34960000-35720000,0.460384,3
chr18:35760000-36960000,0.290946,3
chr18:36960000-37440000,0.0225604,2
chr18:37440000-38120000,0.1644235,3
chr18:38120000-39280000,0.1480414,2
chr18:39280000-40360000,0.01826943,1
chr18:40400000-42440000,0.02953282,2
chr18:42440000-45040000,0.0698604,2
chr18:45040000-46320000,0.01198124,1
chr18:46320000-47120000,0.189945,3
chr18:47120000-49840000,0.03288968,2
chr18:49920000-52640000,0.027992629999999998,2
chr18:52800000-53840000,0.03381928,2
chr18:53920000-56480000,0.0357187,2
chr18:56520000-57600000,0.1360333,2
chr18:57600000-58120000,0.04403078,2
chr18:58120000-59240000,0.015396410000000003,1
chr18:59240000-60920000,0.0543215,2
chr18:60960000-61880000,0.2034783,3
chr18:61920000-63160000,0.047312099999999996,2
chr18:63280000-63840000,0.04536431,2
chr18:63840000-64680000,0.0808857,2
chr18:64680000-65440000,0.036710480000000004,2
chr18:65440000-66080000,0.2153815,3
chr18:66080000-66680000,0.09,2
chr18:66720000-67440000,0.02075,1
chr18:67440000-67960000,0.324692,3
chr18:68040000-68480000,0.107625,2
chr18:68480000-70000000,0.14804984000000002,2
chr18:70040000-70600000,0.00912857,1
chr18:70600000-73800000,0.026583799999999998,2
chr18:73800000-74920000,0.1076143,2
chr18:74960000-75160000,0.038265,2
chr18:75160000-76360000,0.1360025,2
chr18:76480000-77280000,0.044415,2
chr18:77520000-78000000,0.18202500000000002,3
chr18:78040000-80400000,0.0518796,2
chr18:80400000-82160000,0.07173410000000001,2
chr18:82160000-82640000,0.003,1
chr18:82880000-83160000,0.11339999999999999,2
chr18:83160000-84760000,0.04293,2
chr18:84800000-86720000,0.026099999999999998,2
chr18:86720000-88880000,0.001733337,1
chr18:88920000-90772031,0.0358439,2
chr19:3080000-5400000,0.339708,3
chr19:5480000-6400000,1.054761,3
chr19:6440000-7040000,0.11124,2
chr19:7080000-7560000,0.40352699999999997,3
chr19:7560000-8800000,0.11910079999999999,2
chr19:8800000-9960000,0.460441,3
chr19:9960000-10320000,0.29810000000000003,3
chr19:10320000-10600000,0.09368209999999999,2
chr19:10720000-11040000,0.2133005,3
chr19:11080000-12080000,0.083179,2
chr19:12080000-13960000,0.0858921,2
chr19:14000000-16040000,0.08331178999999998,2
chr19:16080000-16840000,0.0780157,2
chr19:17160000-17480000,0.0696375,2
chr19:17480000-18920000,0.037325,2
chr19:18920000-20440000,0.0014684210000000001,1
chr19:20440000-21640000,0.03696,2
chr19:21840000-22400000,0.08016432999999999,2
chr19:22400000-22920000,0.00325384,1
chr19:22920000-24360000,0.15945,3
chr19:24360000-24960000,0.02556,2
chr19:25000000-25720000,0.07919999999999999,2
chr19:25720000-27480000,0.01814323,1
chr19:27480000-30280000,0.10292140000000001,2
chr19:30280000-30640000,0.0037,1
chr19:30680000-31840000,0.01452414,1
chr19:32040000-32560000,0.1567845,2
chr19:32560000-33440000,0.20063229999999999,3
chr19:33440000-34240000,0.0065699999999999995,1
chr19:34320000-34880000,0.02031426,1
chr19:35000000-36160000,0.042769789999999995,2
chr19:36160000-36840000,0.061828,2
chr19:36880000-37440000,0.3295933,3
chr19:37640000-39160000,0.1312816,2
chr19:39160000-40680000,0.03168949,2
chr19:40800000-41880000,0.1174667,2
chr19:42240000-43560000,0.037036400000000004,2
chr19:44200000-44560000,0.2747,3
chr19:44640000-45120000,0.186975,3
chr19:45120000-45840000,0.1327139,2
chr19:45840000-46120000,0.2277924,3
chr19:46120000-46600000,0.348225,3
chr19:46680000-47920000,0.19782539999999998,3
chr19:48000000-50240000,0.0017678569999999998,1
chr19:50240000-53080000,0.006261969,1
chr19:53080000-53680000,0.2133,3
chr19:53840000-55280000,0.042025,2
chr19:55400000-56400000,0.079344,2
chr19:56400000-57720000,0.09417500000000001,2
chr19:57760000-59280000,0.0346263,2
chr19:59400000-61342430,0.09707279999999999,2
chrX:4640000-6760000,0.012905670000000001,1
chrX:6880000-7280000,0.15804,2
chrX:7280000-7880000,0.31566,3
chrX:7880000-8560000,0.0036529400000000004,1
chrX:8560000-9800000,0.01524193,1
chrX:9800000-11200000,0.014245670000000002,1
chrX:11200000-12120000,0.0336913,2
chrX:12120000-12440000,0.29688749999999997,3
chrX:12440000-12800000,0.1623,3
chrX:12800000-13240000,0.2351456,3
chrX:13280000-16440000,0.010093669999999999,1
chrX:16440000-18040000,0.0352125,2
chrX:18080000-20200000,0.0312113,2
chrX:20200000-20400000,0.36486,3
chrX:20400000-20960000,0.09912850000000001,2
chrX:20960000-23920000,0.01686892,1
chrX:33200000-34800000,0.088785,2
chrX:34880000-36040000,0.0925138,2
chrX:36040000-37800000,0.001206818,1
chrX:37920000-39360000,0.025500000000000002,2
chrX:39360000-39880000,0.15597646,2
chrX:39880000-41360000,0.0029675680000000003,1
chrX:41560000-42720000,0.002110345,1
chrX:42720000-44720000,0.000522,1
chrX:44720000-45280000,0.00848572,1
chrX:45320000-45920000,0.07830999999999999,2
chrX:45920000-46680000,0.0342947,2
chrX:46680000-47960000,0.02846245,2
chrX:47960000-48760000,0.054224999999999995,2
chrX:48760000-51560000,0.0647485,2
chrX:52600000-55760000,0.0287203,2
chrX:55760000-56400000,0.0028125,1
chrX:56400000-58400000,0.008208,1
chrX:58400000-61240000,0.0018887320000000002,1
chrX:61240000-62960000,0.001590695,1
chrX:62960000-65920000,0.002177023,1
chrX:65920000-67600000,0.013349990000000003,1
chrX:67760000-68640000,0.006177276,1
chrX:68640000-68880000,0.042300000000000004,2
chrX:68880000-70200000,0.015354549999999998,1
chrX:70200000-71200000,0.12193200000000001,2
chrX:71200000-71680000,0.310683,3
chrX:71680000-72600000,0.0411869,2
chrX:72920000-75120000,0.039583600000000004,2
chrX:75120000-75720000,0.00204,1
chrX:75840000-77040000,0.00459,1
chrX:77040000-78760000,0.01036046,1
chrX:78800000-81120000,0.0018931080000000001,1
chrX:81160000-82920000,0.020290879999999997,1
chrX:82920000-83160000,0.0234,2
chrX:83160000-83720000,0.00282857,1
chrX:83720000-84800000,0.037299967,2
chrX:84800000-88040000,0.0014333330000000002,1
chrX:88320000-88920000,0.0009,1
chrX:89000000-90160000,0.00055862,1
chrX:90240000-91440000,0.08358,2
chrX:91440000-93160000,0.0415883,2
chrX:93160000-94080000,0.03263475,2
chrX:94080000-94640000,0.04455001,2
chrX:94680000-95880000,0.0066,1
chrX:95880000-96120000,0.020999999999999998,2
chrX:96120000-96880000,0.026905239999999997,2
chrX:96880000-97800000,0.02171742,2
chrX:97840000-98240000,0.06156,2
chrX:98240000-98600000,0.0973,2
chrX:98720000-99400000,0.1555236,2
chrX:99400000-100440000,0.021807689999999998,2
chrX:100440000-100680000,0.239121,3
chrX:100680000-101240000,0.30129839999999997,3
chrX:101240000-102240000,0.049951999999999996,2
chrX:102280000-103920000,0.0905487,2
chrX:104000000-104760000,0.01136842,1
chrX:104800000-106560000,0.020965900000000003,1
chrX:106720000-108360000,0.000965854,1
chrX:108400000-109480000,0.022399969999999998,2
chrX:109480000-110040000,0.007007146,1
chrX:110040000-111680000,0.01132683,1
chrX:111680000-112280000,0.00198,1
chrX:112400000-115440000,0.002119739,1
chrX:115600000-117440000,0.001291304,1
chrX:117440000-122680000,0.0009961829999999999,1
chrX:122680000-124000000,0.000763636,1
chrX:124000000-125840000,0.001173913,1
chrX:125840000-130600000,0.015191230000000002,1
chrX:130600000-131040000,0.0698227,2
chrX:131080000-131880000,0.097785,2
chrX:132080000-132520000,0.04712727,2
chrX:132680000-132920000,0.14400000000000002,2
chrX:132960000-133720000,0.0735158,2
chrX:133720000-135800000,0.00543461,1
chrX:135880000-137480000,0.0303975,2
chrX:137560000-138600000,0.00713077,1
chrX:138640000-139000000,0.0788,2
chrX:139000000-139240000,0.07755000000000001,2
chrX:139240000-139520000,0.0675,2
chrX:139520000-140120000,0.013980000000000001,1
chrX:140120000-140800000,0.05378824,2
chrX:140800000-141120000,0.0727875,2
chrX:141120000-144240000,0.004788461,1
chrX:146520000-148240000,0.08125109999999999,2
chrX:148240000-149320000,0.176567,3
chrX:149320000-150160000,0.043928499999999995,2
chrX:150160000-151800000,0.01793419,1
chrX:151800000-153760000,0.003324489,1
chrX:153880000-154120000,0.1182,2
chrX:154120000-155440000,0.003790908,1
chrX:155440000-155800000,0.0522,2
chrX:155840000-157800000,0.0467081,2
chrX:157800000-158280000,0.00255,1
chrX:158280000-159320000,0.07328080000000001,2
chrX:159320000-160920000,0.05179500000000001,2
chrX:160920000-162600000,0.0081,1
chrX:162600000-162800000,0.04248,2
chrX:162800000-163720000,0.0559565,2
chrX:163840000-166440000,0.061033859999999995,2
